code,confirm_status,creation_by,creation_time,eng_name,product_id,is_active,is_delete,last_modification_by,last_modification_time,name,name_ascii,note,question,reason,ref_code,short_name,type,upc_code,upc_id,industry_code,industry_name,replace_product,tenant_code,d
442,Approved,,59:09.4,,14627,FALSE,FALSE,,38:13.6,SCARGEL BEYOND PLUS 10G,,,,,C121600000442,SCARGEL BEYOND PLUS 10G,Normal,7.82842E+11,14627,5,DƯỢC MỸ PHẨM,,,3/1/2025
4.43E+02,Approved,,59:33.4,,22262,FALSE,FALSE,,06:31.4,30 DAYS,,,,,Z121600000443,30 DAYS,Normal,7.82847E+11,22262,11,KHÁC,,,3/1/2025
444,Approved,,59:33.5,,22263,FALSE,FALSE,,59:33.5,4.3.2.1 SLIM,,,,,A121600000444,4.3.2.1 SLIM,Normal,7.82847E+11,22263,3,THUỐC,,,3/1/2025
448,Approved,,59:34.3,,22266,FALSE,FALSE,,59:34.3,ABOUND,,,,,A121600000448,ABOUND,Normal,7.82847E+11,22266,3,THUỐC,,,3/1/2025
449,Approved,,19:24.2,,17846,FALSE,FALSE,,35:51.7,ACAPELLA-S KOREA UNITED 10X10,ACAPELLA-S KOREA UNITED 10X10,,,,A121600000449,ACAPELLA-S KOREA 10X10,Normal,7.82847E+11,17846,3,THUỐC,,,3/1/2025
450,Approved,,19:24.5,,17847,TRUE,FALSE,,39:48.8,ACC 200 HEXAL 50 GÓI,ACC 200 HEXAL 50 GÓI,,,,A121600000450,ACC 200 HEXAL 50 GÓI,Normal,7.82847E+11,17847,3,THUỐC,,,3/1/2025
4.53E+02,Approved,,19:25.1,,17849,TRUE,FALSE,,42:56.9,ACEHASAN 100MG 30 GÓI,ACEHASAN 100MG 30 GÓI,,,,A121600000453,ACEHASAN 100 30 GÓI,Normal,7.82847E+11,17849,3,THUỐC,,,3/1/2025
455,Approved,,59:35.8,,22268,FALSE,FALSE,,59:35.8,ACEMETACIN 60MG-STADA,,,,,G121600000455,ACEMETACIN 60MG-STADA,Normal,7.82847E+11,22268,13,CỤC DƯỢC,,,3/1/2025
457,Approved,,19:25.8,,17851,TRUE,FALSE,,34:13.2,ACEMOL 325MG NADYPHAR 40V,ACEMOL 325MG NADYPHAR 40V,,,,A121600000457,ACEMOL 325 NDP 40V,Normal,7.82847E+11,17851,3,THUỐC,,,3/1/2025
459,Approved,,19:26.1,,17852,TRUE,FALSE,,37:32.4,ACEMOL 100 NADYPHAR 100V,ACEMOL 100 NADYPHAR 100V,,,,A121600000459,ACEMOL 100 NDP 100V,Normal,7.82847E+11,17852,3,THUỐC,,,3/1/2025
462,Approved,,19:27.1,,17855,TRUE,FALSE,,37:32.4,ACEMUC 200 SANOFI 3X10,ACEMUC 200 SANOFI 3X10,,,,A121600000462,ACEMUC 200 SNF 3X10,Normal,7.82847E+11,17855,3,THUỐC,,,3/1/2025
466,Approved,,19:27.8,,17857,FALSE,FALSE,,14:38.8,ACETYLCYSTEIN 200MG VIDIPHA 10X10,ACETYLCYSTEIN 200MG VIDIPHA 10X10,,,,A121600000466,ACETYLCYSTEIN 200 VDP 10X10,Normal,7.82847E+11,17857,3,THUỐC,,,3/1/2025
470,Approved,,19:28.8,,17860,FALSE,FALSE,,00:51.7,ACETYLCYSTEIN 200 F.T 10X10,ACETYLCYSTEIN 200 F.T 10X10,,,,A121600000470,ACETYLCYSTEIN 200 F.T 10X10,Normal,7.82847E+11,17860,3,THUỐC,,,3/1/2025
472,Approved,,59:39.9,,22273,FALSE,FALSE,,59:39.9,ACIGINAL,,,,,A121600000472,ACIGINAL,Normal,7.82847E+11,22273,3,THUỐC,,,3/1/2025
476,Approved,,59:40.4,,22277,FALSE,FALSE,,59:40.4,ACMOLRINE,,,,,A121600000476,ACMOLRINE,Normal,7.82847E+11,22277,3,THUỐC,,,3/1/2025
477,Approved,,46:29.7,,21593,TRUE,FALSE,,42:56.9,ACNACARE MEGA 3X10,ACNACARE MEGA 3X10,,,,B121600000477,ACNACARE MEGA 3X10,Normal,7.82847E+11,21593,7,TPCN,,,3/1/2025
479,Approved,,47:03.9,,21677,TRUE,FALSE,,56:41.5,ACNE AID BAR 100G - XÀ PHÒNG TẮM TRỊ MỤN,ACNE AID BAR 100G - XÀ PHÒNG TẮM TRỊ MỤN,,,,C121600000479,ACNE AID BAR 100G - XPTM,Normal,7.82847E+11,21677,5,DƯỢC MỸ PHẨM,,,3/1/2025
481,Approved,,59:41.5,,22280,FALSE,FALSE,,59:41.5,ACNEAL 20ML,,,,,A121600000481,ACNEAL 20ML,Normal,7.82847E+11,22280,3,THUỐC,,,3/1/2025
482,Approved,,59:41.6,,22281,FALSE,FALSE,,59:41.6,ACNEBYE NEW,,,,,Z121600000482,ACNEBYE NEW,Normal,7.82847E+11,22281,11,KHÁC,,,3/1/2025
484,Approved,,59:41.9,,22282,FALSE,FALSE,,06:00.5,ACNES CREAM ROHTO 18G - KEM TRỊ MỤN,,,,,C121600000484,ACNES CREAM 18G - KEM TRỊ MỤN,Normal,7.82847E+11,22282,5,DƯỢC MỸ PHẨM,,,3/1/2025
485,Approved,,59:10.1,,14629,TRUE,FALSE,,59:54.5,GEL BÔI ACNES SCAR CARE ROHTO MỜ THÂM LIỀN SẸO 12G,GEL BÔI ACNES SCAR CARE ROHTO MỜ THÂM LIỀN SẸO 12G,,,,C121600000485,ACNES SCAR CARE 12G,Normal,7.82847E+11,14629,5,DƯỢC MỸ PHẨM,,,3/1/2025
486,Approved,,59:10.6,,14630,TRUE,FALSE,,53:53.3,ACNES MEDICAL CREAM ROHTO 18G - TRỊ MỤN SƯNG ĐỎ VÀ ĐAU,ACNES MEDICAL CREAM ROHTO 18G - TRỊ MỤN SƯNG ĐỎ VÀ ĐAU,,,,A121600000486,ACNES MEDICAL CREAM 18G,Normal,7.82847E+11,14630,3,THUỐC,,,3/1/2025
488,Approved,,59:11.6,,1.46E+04,TRUE,FALSE,,00:40.1,"GEL BÔI ACNES SEALING JELL ROHTO SẠCH MỤN, KHÁNG KHUẨN 18G","GEL BÔI ACNES SEALING JELL ROHTO SẠCH MỤN, KHÁNG KHUẨN 18G",,,,C121600000488,ACNES SEALING JELL 18G,Normal,7.82847E+11,14632,5,DƯỢC MỸ PHẨM,,,3/1/2025
489,Approved,,59:12.3,,14633,TRUE,FALSE,,01:07.6,"GIẤY THẤM DẦU ACNES OIL REMOVER PAPER ROHTO HỖ TRỢ LẤY BỎ DẦU THỪA, GIÚP DA KHÔ THOÁNG HỘP X 100 MIẾNG","GIẤY THẤM DẦU ACNES OIL REMOVER PAPER ROHTO HỖ TRỢ LẤY BỎ DẦU THỪA, GIÚP DA KHÔ THOÁNG HỘP X 100 MIẾNG",,,,C121600000489,ACNES GIẤY THẤM DẦU 100M,Normal,7.82847E+11,14633,5,DƯỢC MỸ PHẨM,,,3/1/2025
490,Approved,,59:43.7,,22283,FALSE,FALSE,,28:17.0,ACNES Khăn ướt 20 CÁI,,,,,C121600000490,ACNES Khăn ướt TRÙNG MÃ 00012409,Normal,7.82847E+11,22283,5,DƯỢC MỸ PHẨM,,,3/1/2025
492,Approved,,59:12.6,,14634,TRUE,FALSE,,35:52.0,ACNES FOAMING WASH ROHTO 150ML - SỮA RỬA MẶT NGĂN NGỪA MỤN,ACNES FOAMING WASH ROHTO 150ML - SỮA RỬA MẶT NGĂN NGỪA MỤN,,,,C121600000492,ACNES FOAMING WASH 150ML - SRM,Normal,7.82847E+11,14634,5,DƯỢC MỸ PHẨM,,,3/1/2025
493,Approved,,59:44.4,,22285,FALSE,FALSE,,59:44.4,"ACNES Kháng khuẩn,kiểm soát nhờn 100G",,,,,A121600000493,"ACNES Kháng khuẩn,kiểm soát nhờn 100G",Normal,7.82847E+11,22285,3,THUỐC,,,3/1/2025
496,Approved,,46:29.3,,21592,FALSE,FALSE,,04:07.6,ACNETEEN USV PHARMA 3X10,ACNETEEN USV PHARMA 3X10,,,,B121600000496,ACNETEEN USV PHARMA 3X10,Normal,7.82847E+11,21592,7,TPCN,,,3/1/2025
498,Approved,,19:29.9,,17863,TRUE,FALSE,,37:32.4,ACNOTIN 20MG MEGA 3X10,ACNOTIN 20MG MEGA 3X10,,,,A121600000498,ACNOTIN 20 MEGA 3X10,Normal,7.82847E+11,17863,3,THUỐC,,,3/1/2025
499,Approved,,59:45.7,,22288,FALSE,FALSE,,59:45.7,ACODINE,,,,,A121600000499,ACODINE,Normal,7.82847E+11,22288,3,THUỐC,,,3/1/2025
502,Approved,,19:30.2,,17864,FALSE,FALSE,,37:52.4,ACRID 40MG MECHEM 3X10,,,,,A121600000502,ACRID 40 MECHEM 3X10,Normal,7.82847E+11,17864,3,THUỐC,"['00005756' '00020719' '00005736' '00001302' '00001933' '00029731'
 '00013481' '00005818' '00003655' '00005755' '00007253' '00010016'
 '00014719' '00007630' '00005747' '00005750' '00020587' '00006489'
 '00008285' '00001907' '00005998' '00004920' '00018208' '00005826'
 '00020391' '00010185' '00014608' '00006303' '00002937' '00005728'
 '00030182' '00013844' '00005693' '00018720' '00021084' '00005745'
 '00004365' '00005753']",,3/1/2025
503,Approved,,59:46.5,,22290,FALSE,FALSE,,59:46.5,ACRITEL 5MG,,,,,A121600000503,ACRITEL 5MG,Normal,7.82847E+11,22290,3,THUỐC,,,3/1/2025
511,Approved,,59:48.3,,22293,FALSE,FALSE,,59:48.3,ACTIXIM 250MG,,,,,A121600000511,ACTIXIM 250MG,Normal,7.82847E+11,22293,3,THUỐC,,,3/1/2025
512,Approved,,59:48.5,,22294,FALSE,FALSE,,59:48.5,ACTIXIM 500MG,,,,,A121600000512,ACTIXIM 500MG,Normal,7.82847E+11,22294,3,THUỐC,,,3/1/2025
515,Approved,,59:49.3,,22295,FALSE,FALSE,,59:49.3,MICONAZOLE CREM 15G,,,,,A121600000515,MICONAZOLE CREM 15G,Normal,7.82841E+11,22295,3,THUỐC,,,3/1/2025
517,Approved,,19:33.0,,17873,TRUE,FALSE,,42:56.9,ACYCLOVIR 400MG STELLA 7X5,ACYCLOVIR 400MG STELLA 7X5,,,,A121600000517,ACYCLOVIR 400MG STELLA 7X5,Normal,7.82847E+11,17873,3,THUỐC,,,3/1/2025
5.18E+02,Approved,,19:33.4,,17874,TRUE,FALSE,,42:56.9,ACYCLOVIR 800MG STELLA 7X5,ACYCLOVIR 800MG STELLA 7X5,,,,A121600000518,ACYCLOVIR 800MG STELLA 7X5,Normal,7.82847E+11,17874,3,THUỐC,,,3/1/2025
520,Approved,,59:50.5,,22296,FALSE,FALSE,,59:50.5,ACYCLOVIR BOSTON 800,,,,,A121600000520,ACYCLOVIR BOSTON 800,Normal,7.82847E+11,22296,3,THUỐC,,,3/1/2025
521,Approved,,59:50.6,,22297,FALSE,FALSE,,06:38.6,ACYCLOVIR Sinil 5G,,,,,A121600000521,ACYCLOVIR Sinil 5G,Normal,7.82847E+11,22297,3,THUỐC,,,3/1/2025
522,Approved,,19:34.0,,17876,TRUE,FALSE,,42:56.9,ACYCLOVIR STELLA 5G,ACYCLOVIR STELLA 5G,,,,A121600000522,ACYCLOVIR STELLA 5G,Normal,7.82847E+11,17876,3,THUỐC,,,3/1/2025
525,Approved,,19:35.0,,17879,FALSE,FALSE,,04:55.3,ADALAT 10MG BAYER 3X10,ADALAT 10MG BAYER 3X10,,,,A121600000525,ADALAT 10 3X10,Normal,7.82847E+11,17879,3,THUỐC,,,3/1/2025
531,Approved,,19:36.3,,17883,FALSE,FALSE,,50:51.7,ADEFOVIR 10 STELLA 3X10,ADEFOVIR 10 STELLA 3X10,,,,A121600000531,ADEFOVIR 10 STELLA 3X10,Normal,7.82847E+11,17883,3,THUỐC,,,3/1/2025
535,Approved,,59:54.0,,22300,FALSE,FALSE,,06:13.3,ADERMA EXOMEGA 200ML - KEM DƯỠNG,ADERMA EXOMEGA 200ML - KEM DƯỠNG,,,,C121600000535,ADERMA EXOMEGA 200ML,Normal,7.82847E+11,22300,5,DƯỢC MỸ PHẨM,,,3/1/2025
537,Approved,,45:22.6,,21415,TRUE,FALSE,,42:44.9,A-DERMA SKINCARE CREAM 50ML - KEM DƯỠNG ẨM,A-DERMA SKINCARE CREAM 50ML - KEM DƯỠNG ẨM,,,,C121600000537,A-DERMA SKINCARE CREAM 50ML,Normal,7.82847E+11,21415,5,DƯỢC MỸ PHẨM,,,3/1/2025
539,Approved,,19:36.6,,17884,FALSE,FALSE,,20:40.7,ADOFEX 60MG SPM 10X10,,,,,A121600000539,ADOFEX 60 SPM 10X10,Normal,7.82847E+11,17884,3,THUỐC,,,3/1/2025
540,Approved,,59:55.0,,22303,FALSE,FALSE,,59:55.0,ADONA 30MG,,,,,A121600000540,ADONA 30MG,Normal,7.82847E+11,22303,3,THUỐC,,,3/1/2025
541,Approved,,19:36.9,,17885,TRUE,FALSE,,42:56.9,ADRENALIN 1MG VINPHACO 2 VỈ X 5 ỐNG,ADRENALIN 1MG VINPHACO 2 VỈ X 5 ỐNG,,,,A121600000541,ADRENALIN 1ML 10 ỐNG,Normal,7.82847E+11,17885,3,THUỐC,,FVAC,3/1/2025
542,Approved,,59:55.4,,22304,FALSE,FALSE,,59:55.4,ADRENOLIN INJVĩnh Phúc,,,,,A121600000542,ADRENOLIN INJVĩnh Phúc,Normal,7.82847E+11,22304,3,THUỐC,,,3/1/2025
544,Approved,,59:55.9,,22305,FALSE,FALSE,,59:55.9,ADULTS DAILY MULTIVITAMIN,,,,,Z121600000544,ADULTS DAILY MULTIVITAMIN,Normal,7.82847E+11,22305,11,KHÁC,,,3/1/2025
545,Approved,,19:37.6,,17887,TRUE,FALSE,,25:36.9,AERIUS 5MG SCHERING 1X10,AERIUS 5MG SCHERING 1X10,,,,A121600000545,AERIUS 5 SCHERING 1X10,Normal,7.82847E+11,17887,3,THUỐC,,,3/1/2025
548,Approved,,19:38.8,,17890,FALSE,FALSE,,43:40.9,AFIGREL 75 MICRO 3X10,,,,,A121600000548,AFIGREL 75 MICRO 3X10,Normal,7.82847E+11,17890,3,THUỐC,"['00007618' '00029676' '00002465' '00001477' '00001958' '00001965'
 '00018389' '00002223' '00021747' '00001963' '00010533' '00004525'
 '00005407' '00010586' '00018708' '00005999' '00001955' '00002555'
 '00021099' '00001952' '00003051' '00006747' '00006568' '00005349'
 '00006337' '00013921' '00001960' '00020390' '00001962' '00006514'
 '00018844' '00003958' '00002337' '00015971' '00005995' '00013639'
 '00017202' '00009855' '00010271' '00001966' '00001961' '00005963'
 '00021107' '00001959' '00013666' '00021733' '00005345' '00020724']",,3/1/2025
553,Approved,,19:39.5,,17892,TRUE,FALSE,,08:43.9,AGERHININ 15ML,AGERHININ 15ML,,,,A121600000553,AGERHININ 15ML,Normal,7.82847E+11,17892,3,THUỐC,,,3/1/2025
554,Approved,,59:57.8,,22309,FALSE,FALSE,,59:57.8,AGGRENOX 200/25MG,,,,,A121600000554,AGGRENOX 200/25MG,Normal,7.82847E+11,22309,3,THUỐC,,,3/1/2025
555,Approved,,19:39.8,,17893,TRUE,FALSE,,13:23.4,AGICARDI 5MG AGIMEXPHARM 3X10,AGICARDI 5MG AGIMEXPHARM 3X10,,,,A121600000555,AGICARDI 5 AGIMEXPHARM 3X10,Normal,7.82847E+11,17893,3,THUỐC,,,3/1/2025
558,Approved,,59:59.8,,22310,FALSE,FALSE,,59:59.8,AGINE-B,,,,,A121600000558,AGINE-B,Normal,7.82847E+11,22310,3,THUỐC,,,3/1/2025
559,Approved,,00:00.0,,22311,FALSE,FALSE,,00:00.0,AGITRITINE 200MG,,,,,A121600000559,AGITRITINE 200MG,Normal,7.82847E+11,22311,3,THUỐC,,,3/1/2025
560,Approved,,00:00.2,,22312,FALSE,FALSE,,00:00.2,AGOT-M,,,,,A121600000560,AGOT-M,Normal,7.82847E+11,22312,3,THUỐC,,,3/1/2025
562,Approved,,19:40.8,,17896,TRUE,FALSE,,04:40.6,AIR X BẠC HÀ RX 10X10,AIR X BẠC HÀ RX 10X10,,,,A121600000562,AIR X BẠC HÀ 10X10,Normal,7.82847E+11,17896,3,THUỐC,,,3/1/2025
563,Approved,,19:41.2,,17897,TRUE,FALSE,,42:56.9,AIR X CAM RX 10X10,AIR X CAM RX 10X10,,,,A121600000563,AIR X CAM 10X10,Normal,7.82847E+11,17897,3,THUỐC,,,3/1/2025
566,Approved,,00:02.0,,22315,FALSE,FALSE,,00:02.0,AIR-X VỊ CAM,,,,,Z121600000566,AIR-X VỊ CAM,Normal,7.82847E+11,22315,11,KHÁC,,,3/1/2025
568,Approved,,00:02.3,,2.23E+04,FALSE,FALSE,,06:04.8,AKINOL 10MG,,,,,A121600000568,AKINOL 10MG,Normal,7.82847E+11,22317,3,THUỐC,,,3/1/2025
570,Approved,,19:42.2,,17900,FALSE,FALSE,,20:58.1,AKUDINIR 125 AKUMS 30ML,,,,,A121600000570,AKUDINIR 125 AKUMS 30ML,Normal,7.82847E+11,17900,3,THUỐC,['00006452' '00030501' '00018629'],,3/1/2025
571,Approved,,19:42.5,,17901,FALSE,FALSE,,20:58.1,AKUDINIR 250 AKUMS 30ML,,,,,A121600000571,AKUDINIR 250 AKUMS 30ML,Normal,7.82847E+11,17901,3,THUỐC,,,3/1/2025
572,Approved,,00:03.8,,22318,FALSE,FALSE,,00:03.8,AKURIT 3,,,,,A121600000572,AKURIT 3 (HẾT HÀNG),Normal,7.82847E+11,22318,3,THUỐC,,,3/1/2025
575,Approved,,50:36.3,,22119,FALSE,FALSE,,29:06.0,ALASKA OMEGA 369 100V - LỌ CAO,ALASKA OMEGA 369 100V - LỌ CAO,,,,B121600000575,ALASKA OMEGA 369 100V - CAO,Normal,7.82847E+11,22119,7,TPCN,,,3/1/2025
576,Approved,,19:43.4,,17904,TRUE,FALSE,,42:56.9,ALAXAN 325MG UNITED 10X10,ALAXAN 325MG UNITED 10X10,,,,A121600000576,ALAXAN UNITED 10X10,Normal,7.82847E+11,17904,3,THUỐC,,,3/1/2025
577,Approved,,19:43.7,,17905,TRUE,FALSE,,42:56.9,ALAXAN 325MG UNITED 25X4,ALAXAN 325MG UNITED 25X4,,,,A121600000577,ALAXAN 325 UNITED 25X4,Normal,7.82847E+11,17905,3,THUỐC,,,3/1/2025
580,Approved,,59:13.7,,14636,FALSE,FALSE,,45:53.4,ALBOTHYL NYCOMED 1X6,,,,,A121600000580,ALBOTHYL NYCOMED 1X6,Normal,7.82847E+11,14636,3,THUỐC,,,3/1/2025
583,Approved,,19:45.4,,17910,TRUE,FALSE,,37:32.4,ALBUTEIN 25% GRIFOLS 50ML,ALBUTEIN 25% GRIFOLS 50ML,,,,A121600000583,ALBUTEIN 25% GRIFOLS 50ML,Normal,7.82847E+11,17910,3,THUỐC,,,3/1/2025
585,Approved,,00:08.3,,22319,FALSE,FALSE,,06:44.7,ALCOOL 90-60ML,,,,,A121600000585,ALCOOL 90-60ML,Normal,7.82847E+11,22319,3,THUỐC,,,3/1/2025
586,Approved,,59:15.4,,14638,FALSE,FALSE,,09:18.5,ALCOOL 90 ĐỘ OPC 60ML - XANH,ALCOOL 90 ĐỘ OPC 60ML - XANH,,,,A121600000586,ALCOOL 90 OPC 60ML - XANH,Normal,7.82847E+11,14638,3,THUỐC,,,3/1/2025
588,Approved,,19:46.0,,17912,FALSE,FALSE,,43:35.6,ALDERMIS CHO-A 2X10 ỐNG 5ML,,,,,A121600000588,ALDERMIS CHO-A 2X10 ỐNG,Normal,7.82847E+11,17912,3,THUỐC,['00006710'],,3/1/2025
590,Approved,,00:09.7,,22320,FALSE,FALSE,,00:09.7,ALDINIR 30ML,,,,,A121600000590,ALDINIR 30ML,Normal,7.82847E+11,22320,3,THUỐC,,,3/1/2025
591,Approved,,00:09.8,,22321,FALSE,FALSE,,00:09.8,"ALDONINE 2,5MG",,,,,A121600000591,"ALDONINE 2,5MG",Normal,7.82847E+11,22321,3,THUỐC,,,3/1/2025
592,Approved,,19:46.7,,17914,TRUE,FALSE,,22:18.4,ALDOZEN 4200 SPM 3X10,ALDOZEN 4200 SPM 3X10,,,,A121600000592,ALDOZEN 4200 SPM 3X10,Normal,7.82847E+11,17914,3,THUỐC,,,3/1/2025
598,Approved,,00:11.8,,22322,FALSE,FALSE,,00:11.8,ALENFOSA 70MG,,,,,A121600000598,ALENFOSA 70MG,Normal,7.82847E+11,22322,3,THUỐC,,,3/1/2025
600,Approved,,19:48.8,,17921,TRUE,FALSE,,42:56.9,ALENTA 10MG GETZ 1X10,,,,,A121600000600,ALENTA 10 GETZ 1X10,Normal,7.82847E+11,17921,3,THUỐC,['00007559' '00000596'],,3/1/2025
602,Approved,,00:12.9,,2.23E+04,FALSE,FALSE,,00:12.9,ALEUCIN 500MG,,,,,A121600000602,ALEUCIN 500MG,Normal,7.82847E+11,22323,3,THUỐC,,,3/1/2025
603,Approved,,00:13.1,,22324,FALSE,FALSE,,00:13.1,ALFA CARE,,,,,A121600000603,ALFA CARE,Normal,7.82847E+11,22324,3,THUỐC,,,3/1/2025
604,Approved,,00:13.2,,22325,FALSE,FALSE,,00:13.2,ALFA PREASTIG,,,,,A121600000604,ALFA PREASTIG,Normal,7.82847E+11,22325,3,THUỐC,,,3/1/2025
606,Approved,,00:13.5,,22327,FALSE,FALSE,,00:13.5,ALFIGOLD 500MG,,,,,A121600000606,ALFIGOLD 500MG,Normal,7.82847E+11,22327,3,THUỐC,,,3/1/2025
607,Approved,,51:09.0,,22205,FALSE,FALSE,,04:54.5,ALIPAS PLATINUM ECOGREEN 30V,ALIPAS PLATINUM ECOGREEN 30V,,,,B121600000607,ALIPAS PLATINUM 30V,Normal,7.82847E+11,22205,7,TPCN,,,3/1/2025
610,Approved,,00:14.4,,22329,FALSE,FALSE,,00:14.4,ALKALINE SLIMMING H2O 520ML,,,,,A121600000610,ALKALINE SLIMMING H2O 520ML,Normal,7.82847E+11,22329,3,THUỐC,,,3/1/2025
612,Approved,,19:49.8,,17924,TRUE,FALSE,,42:56.9,ALLERFAR 4 PHARMEDIC 10X20,ALLERFAR 4 PHARMEDIC 10X20,,,,A121600000612,ALLERFAR 4 PMD 10X20,Normal,7.82847E+11,17924,3,THUỐC,,,3/1/2025
613,Approved,,19:50.2,,17925,TRUE,FALSE,,32:11.3,ALLERGEX 8 OPV 5X10,ALLERGEX 8 OPV 5X10,,,,A121600000613,ALLERGEX 8 OPV 5X10,Normal,7.82847E+11,17925,3,THUỐC,,,3/1/2025
615,Approved,,19:50.8,,17927,FALSE,FALSE,,22:47.1,ALLERPHAST 60MG MEBIPHAR 1X10,ALLERPHAST 60MG MEBIPHAR 1X10,,,,A121600000615,ALLERPHAST 60 MBP 1X10,Normal,7.82847E+11,17927,3,THUỐC,"['00003044' '00008146' '00021769' '00014852' '00003397' '00003048'
 '00003042' '00007224' '00003045' '00015009']",,3/1/2025
616,Approved,,19:51.1,,17928,FALSE,FALSE,,20:40.7,ALLERSTAT 180 CADILA 1X10,,,,,A121600000616,ALLERSTAT 180 CADILA 1X10,Normal,7.82847E+11,17928,3,THUỐC,"['00007223' '00029112' '00017440' '00020654' '00020473' '00002996'
 '00010394' '00008147' '00000614' '00029662' '00015008' '00029957'
 '00008419' '00015940' '00014884' '00003961' '00003047']",,3/1/2025
617,Approved,,19:51.5,,17929,FALSE,FALSE,,58:27.0,ALLHICAL STANDARD 180ML,ALLHICAL STANDARD 180ML,,,,A121600000617,ALLHICAL STANDARD 180ML,Normal,7.82847E+11,17929,3,THUỐC,,,3/1/2025
621,Approved,,19:52.5,,17932,TRUE,FALSE,,42:56.9,ALLOPURINOL DOMESCO 100V,,,,,A121600000621,ALLOPURINOL DMC 100V,Normal,7.82847E+11,17932,3,THUỐC,['00000618' '00020347' '00000620' '00014762' '00021154' '00004955'],,3/1/2025
623,Approved,,00:18.1,,22331,FALSE,FALSE,,00:18.1,ALLUPHOSE gói,,,,,A121600000623,ALLUPHOSE gói,Normal,7.82847E+11,22331,3,THUỐC,,,3/1/2025
625,Approved,,19:53.4,,17935,FALSE,FALSE,,23:54.4,ALMETAMIN 2MG DAE HWA 10X10,ALMETAMIN 2MG DAE HWA 10X10,,,,A121600000625,ALMETAMIN 2 DAE HWA 10X10,Normal,7.82847E+11,17935,3,THUỐC,,,3/1/2025
626,Approved,,00:19.0,,22332,FALSE,FALSE,,00:19.0,ALNEED PLUS,,,,,A121600000626,ALNEED PLUS (HẾT HÀNG),Normal,7.82847E+11,22332,3,THUỐC,,,3/1/2025
630,Approved,,00:19.9,,22335,FALSE,FALSE,,06:14.1,ALOE VERA,,,,,B121600000630,ALOE VERA,Normal,7.82847E+11,22335,7,TPCN,,,3/1/2025
631,Approved,,50:48.3,,22150,FALSE,FALSE,,18:53.6,ALOHA ĐÔNG TRÙNG HẠ THẢO 90V,ALOHA ĐÔNG TRÙNG HẠ THẢO 90V,,,,B121600000631,ALOHA ĐÔNG TRÙNG HẠ THẢO 90V,Normal,7.82847E+11,22150,7,TPCN,,,3/1/2025
632,Approved,,00:20.4,,22336,FALSE,FALSE,,00:20.4,ALOPIA,,,,,A121600000632,ALOPIA,Normal,7.82847E+11,22336,3,THUỐC,,,3/1/2025
634,Approved,,00:20.9,,22338,FALSE,FALSE,,00:20.9,ALPHACALCIUM,,,,,Z121600000634,ALPHACALCIUM,Normal,7.82847E+11,22338,11,KHÁC,,,3/1/2025
635,Approved,,19:54.1,,17937,TRUE,FALSE,,16:28.1,ALPHACHYMOTRIPSIN 5000IU BIDIPHAR 3X2,ALPHACHYMOTRIPSIN 5000IU BIDIPHAR 3X2,,,,A121600000635,ALPHACHYMOTRIPSIN 5000 BDP 3X2,Normal,7.82847E+11,17937,3,THUỐC,,,3/1/2025
637,Approved,,59:16.2,,14640,FALSE,FALSE,,28:04.8,ALPHACHYMOTRYPSINE MINH HẢI 3X10,,,,,A121600000637,ALPHACHYMOTRYPSINE MH 3X10,Normal,7.82847E+11,14640,3,THUỐC,"['00016025' '00017996' '00021993' '00018904' '00000592' '00020272'
 '00017414' '00000633' '00013466' '00021764' '00021145' '00021595'
 '00016523' '00018302' '00011220' '00016160' '00020171']",,3/1/2025
638,Approved,,00:21.8,,22340,FALSE,FALSE,,00:21.8,ALPHACHYMOTRYPSIN-Mebiphar,,,,,Z121600000638,ALPHACHYMOTRYPSIN-Mebiphar,Normal,7.82847E+11,22340,11,KHÁC,,,3/1/2025
640,Approved,,00:22.3,,22341,FALSE,FALSE,,00:22.3,ALPIL,,,,,A121600000640,ALPIL,Normal,7.82847E+11,22341,3,THUỐC,,,3/1/2025
642,Approved,,00:22.7,,22342,FALSE,FALSE,,00:22.7,ALNEED PLUS,,,,,A121600000642,ALNEED PLUS ( HẾT HÀNG),Normal,7.82847E+11,22342,3,THUỐC,,,3/1/2025
647,Approved,,19:55.8,,17942,FALSE,FALSE,,00:51.7,ALSOBEN 200MCG UNIMED 5X12,ALSOBEN 200MCG UNIMED 5X12,,,,A121600000647,ALSOBEN 200 UNIMED 5X12,Normal,7.82847E+11,17942,3,THUỐC,,,3/1/2025
650,Approved,,19:56.1,,17943,TRUE,FALSE,,42:56.9,ALTHAX 120 MEDIPLANTEX 3X10,ALTHAX 120 MEDIPLANTEX 3X10,,,,A121600000650,ALTHAX 120 PLANTEX 3X10,Normal,7.82847E+11,17943,3,THUỐC,,,3/1/2025
652,Approved,,00:25.1,,22347,FALSE,FALSE,,00:25.1,ALUMINA-Nadyphar,,,,,A121600000652,ALUMINA-Nadyphar,Normal,7.82847E+11,22347,3,THUỐC,,,3/1/2025
653,Approved,,00:25.3,,22348,FALSE,FALSE,,00:25.3,ALU-P GEL,,,,,A121600000653,ALU-P GEL,Normal,7.82847E+11,22348,3,THUỐC,,,3/1/2025
655,Approved,,19:56.7,,17945,FALSE,FALSE,,20:40.7,ALVERSIME 300MG PHIL 10X10,,,,,A121600000655,ALVERSIME 300 PHIL 10X10,Normal,7.82847E+11,17945,3,THUỐC,"['00006720' '00029960' '00005017' '00029148' '00027843' '00001872'
 '00004872' '00028779']",,3/1/2025
658,Approved,,19:57.8,,17948,FALSE,FALSE,,38:01.0,ALVETHICONE 754MG AJU 10X10,,,,,A121600000658,ALVETHICONE 754 AJU 10X10,Normal,7.82847E+11,17948,3,THUỐC,,FVAC,3/1/2025
659,Approved,,47:08.0,,21689,TRUE,FALSE,,25:05.3,KEM BÔI DƯỠNG ẨM CHO DA KHÔ ALVEXTRA SKIN HYDRATING CREAM 50G,KEM BÔI DƯỠNG ẨM CHO DA KHÔ ALVEXTRA SKIN HYDRATING CREAM 50G,,,,C121600000659,KEM BÔI DƯỠNG ẨM CHO DA KHÔ ALVEXTRA SKIN HYDRATING CREAM 50G,Normal,7.82847E+11,21689,5,DƯỢC MỸ PHẨM,,,3/1/2025
663,Approved,,00:27.8,,2.24E+04,FALSE,FALSE,,00:27.8,AMAPIRID 2MG,,,,,Z121600000663,AMAPIRID 2MG,Normal,7.82847E+11,22351,11,KHÁC,,,3/1/2025
666,Approved,,19:59.1,,17951,TRUE,FALSE,,10:12.5,AMARYL 2MG SANOFI 3X10,,,,,A121600000666,AMARYL 2MG SANOFI 3X10,Normal,7.82847E+11,17951,3,THUỐC,"['00004897' '00003314' '00002406' '00019013' '00017022' '00005830'
 '00003386' '00009609' '00018647' '00010230' '00003088']",,3/1/2025
668,Approved,,00:29.0,,22353,FALSE,FALSE,,00:29.0,AMBROCO,,,,,Z121600000668,AMBROCO,Normal,7.82847E+11,22353,11,KHÁC,,,3/1/2025
669,Approved,,00:29.2,,22354,FALSE,FALSE,,00:29.2,AMBROCO 5ML,,,,,Z121600000669,AMBROCO 5ML,Normal,7.82847E+11,22354,11,KHÁC,,,3/1/2025
670,Approved,,19:59.8,,17953,TRUE,FALSE,,42:56.9,AMBROCO UNITED 60ML,AMBROCO UNITED 60ML,,,,A121600000670,AMBROCO UNITED 60ML,Normal,7.82847E+11,17953,3,THUỐC,,,3/1/2025
672,Approved,,20:00.4,,17955,FALSE,FALSE,,20:40.7,AMDEPIN 5MG CADILA 3X10,,,,,A121600000672,AMDEPIN 5 CADILA 3X10,Normal,7.82847E+11,17955,3,THUỐC,"['00021216' '00006883' '00000726' '00007778' '00009745' '00020692'
 '00010018' '00020353' '00002474' '00000725' '00000758' '00000719'
 '00000671' '00000627' '00004522' '00004549' '00003656' '00000721'
 '00006887' '00011351' '00012431' '00005371' '00015154' '00000718'
 '00007780' '00000720' '00004917' '00016054' '00014459' '00011026'
 '00000675' '00001594' '00000723' '00021054' '00000727' '00001354'
 '00000716']",,3/1/2025
673,Approved,,00:30.3,,22355,FALSE,FALSE,,06:05.4,AMDEPIN DUO CADILA 1X10,,,,,A121600000673,AMDEPIN DUO CADILA 1X10,Normal,7.82847E+11,22355,3,THUỐC,,,3/1/2025
674,Approved,,00:30.6,,22356,FALSE,FALSE,,00:30.6,AMDEREL 5MG,,,,,A121600000674,AMDEREL 5MG,Normal,7.82847E+11,22356,3,THUỐC,,,3/1/2025
675,Approved,,20:00.7,,17956,FALSE,FALSE,,04:02.0,AMDIREL 5 DAVI 10X10,,,,,A121600000675,AMDIREL 5 DAVI 10X10,Normal,7.82847E+11,17956,3,THUỐC,"['00005371' '00000726' '00000627' '00015154' '00011026' '00000718'
 '00007778' '00001354' '00000720' '00004549' '00020692' '00021054'
 '00001594' '00000672' '00021216' '00003656' '00002474' '00000719'
 '00000758' '00000716' '00000727' '00012431' '00007780' '00006887'
 '00004522' '00000671' '00000725' '00011351' '00000723' '00006883'
 '00004917' '00009745' '00014459' '00000721' '00016054' '00010018'
 '00020353']",,3/1/2025
677,Approved,,00:31.2,,22358,FALSE,FALSE,,00:31.2,AMEDIRON 120ML,,,,,A121600000677,AMEDIRON 120ML,Normal,7.82847E+11,22358,3,THUỐC,,FVAC,3/1/2025
678,Approved,,20:01.0,,17957,TRUE,FALSE,,51:04.2,AMEDOLFEN 100MG OPV 3X10,AMEDOLFEN 100MG OPV 3X10,,,,A121600000678,AMEDOLFEN 100MG OPV 3X10,Normal,7.82847E+11,17957,3,THUỐC,,,3/1/2025
680,Approved,,00:32.0,,22359,FALSE,FALSE,,00:32.0,AMEFLU BAN DEM,,,,,A121600000680,AMEFLU BAN DEM,Normal,7.82847E+11,22359,3,THUỐC,,,3/1/2025
682,Approved,,00:32.3,,22361,FALSE,FALSE,,00:32.3,AMEFLU BAN NGAY,,,,,A121600000682,AMEFLU BAN NGAY,Normal,7.82847E+11,22361,3,THUỐC,,,3/1/2025
684,Approved,,59:16.9,,14642,TRUE,FALSE,,20:58.1,AMEFLU DAY TIME OPV 60ML,AMEFLU DAY TIME OPV 60ML,,,,A121600000684,AMEFLU DAY TIME OPV 60ML,Normal,7.82847E+11,14642,3,THUỐC,,,3/1/2025
686,Approved,,20:01.7,,17959,TRUE,FALSE,,20:58.1,AMEFLU MULTI SYMPTOM RELIEF OPV 60ML - ĐA TRIỆU CHỨNG,AMEFLU MULTI SYMPTOM RELIEF OPV 60ML - ĐA TRIỆU CHỨNG,,,,A121600000686,AMEFLU MULTI SYMPTOM OPV 60ML,Normal,7.82847E+11,17959,3,THUỐC,,,3/1/2025
690,Approved,,00:34.6,,22365,FALSE,FALSE,,00:34.6,AMEPOX 500MG,,,,,A121600000690,AMEPOX 500MG,Normal,7.82847E+11,22365,3,THUỐC,,,3/1/2025
691,Approved,,59:17.8,,14644,TRUE,FALSE,,45:07.0,AMEPOX 500MG DONGKOO 20X5 SOFT CAPSULE,,,,,A121600000691,AMEPOX 500 20X5,Normal,7.82847E+11,14644,3,THUỐC,"['00018818' '00004254' '00004339' '00004344' '00004342' '00002759'
 '00015885' '00001869' '00003181' '00001353' '00004341' '00004343'
 '00001351' '00011260' '00006125']",,3/1/2025
692,Approved,,00:35.1,,22366,FALSE,FALSE,,00:35.1,AMERICAN GINSENG,,,,,Z121600000692,AMERICAN GINSENG,Normal,7.82847E+11,22366,11,KHÁC,,,3/1/2025
694,Approved,,59:18.2,,14645,TRUE,FALSE,,40:05.8,NƯỚC TẮM TRẺ EM AMIBEBE HERBE 250ML,NƯỚC TẮM TRẺ EM AMIBEBE HERBE 250ML,,,,E121600000694,AMIBEBE HERBE 250ML,Normal,7.82841E+11,14645,15,HÀNG TIÊU DÙNG NHANH,,,3/1/2025
695,Approved,,00:35.7,,22368,FALSE,FALSE,,00:35.7,AMIDILE-G,,,,,A121600000695,AMIDILE-G (HẾT HÀNG),Normal,7.82847E+11,22368,3,THUỐC,,,3/1/2025
697,Approved,,20:02.8,,17962,FALSE,FALSE,,06:07.9,AMIKACIN 500MG BIDIPHAR 1X2,AMIKACIN 500MG BIDIPHAR 1X2,,,,A121600000697,AMIKACIN 500 BDP 1X2,Normal,7.82847E+11,17962,3,THUỐC,,,3/1/2025
698,Approved,,20:03.1,,17963,TRUE,FALSE,,42:56.9,AMILAVIL 10MG HASAN 4X15,AMILAVIL 10MG HASAN 4X15,,,,A121600000698,AMILAVIL 10MG HASAN 4X15,Normal,7.82847E+11,17963,3,THUỐC,,,3/1/2025
699,Approved,,20:03.4,,17964,TRUE,FALSE,,54:04.1,AMINAZIN 1.25% DANAPHA 1X20 ỐNG,AMINAZIN 1.25% DANAPHA 1X20 ỐNG,,,,A121600000699,AMINAZIN 1.25% DANAPHA 1X20 ỐNG,Normal,7.82847E+11,17964,3,THUỐC,,,3/1/2025
701,Approved,,00:37.3,,22370,FALSE,FALSE,,00:37.3,AMINO 6000- 100 VIÊN,,,,,A121600000701,AMINO 6000- 100 VIÊN,Normal,7.82847E+11,22370,3,THUỐC,,,3/1/2025
702,Approved,,20:03.7,,17965,FALSE,FALSE,,38:13.6,AMINO XL ZIFAM 3X10,,,,,A121600000702,AMINO XL ZIFAM 3X10,Normal,7.82847E+11,17965,3,THUỐC,,,3/1/2025
703,Approved,,20:04.0,,17966,FALSE,FALSE,,20:58.1,AMINOCEE DROPS TABLETS 15ML,,,,,A121600000703,AMINOCEE DROPS 15ML,Normal,7.82847E+11,17966,3,THUỐC,,FVAC,3/1/2025
704,Approved,,20:04.4,,17967,TRUE,FALSE,,32:00.6,AMINOPLASMAL 5% BRAUN 250ML,AMINOPLASMAL 5% BRAUN 250ML,,,,A121600000704,AMINOPLASMAL 5% 250ML,Normal,7.82847E+11,17967,3,THUỐC,,,3/1/2025
708,Approved,,20:05.2,,17969,FALSE,FALSE,,43:16.1,AMIODARONE 200MG FLAMINGO 10X10,,,,,A121600000708,AMIODARONE 200 10X10,Normal,7.82847E+11,17969,3,THUỐC,['00002078'],,3/1/2025
709,Approved,,00:39.6,,22372,FALSE,FALSE,,00:39.6,AMION,,,,,A121600000709,AMION (HẾT HÀNG),Normal,7.82847E+11,22372,3,THUỐC,,,3/1/2025
714,Approved,,00:40.9,,22374,FALSE,FALSE,,00:40.9,AMLOCARD 5MG,,,,,A121600000714,AMLOCARD 5MG (HẾT HÀNG),Normal,7.82847E+11,22374,3,THUỐC,,,3/1/2025
715,Approved,,20:06.5,,17973,FALSE,FALSE,,22:47.1,AMLOCOR 10MG TORRENT 3X10,,,,,A121600000715,AMLOCOR 10 3X10,Normal,7.82847E+11,17973,3,THUỐC,"['00020261' '00030786' '00020103' '00010055' '00016581' '00000717'
 '00006886']",,3/1/2025
718,Approved,,20:07.4,,17976,FALSE,FALSE,,38:03.0,AMLODIPIN 5MG GLOMED 3X10,,,,,A121600000718,AMLODIPIN 5 GLOMED 3X10,Normal,7.82847E+11,17976,3,THUỐC,"['00021216' '00011351' '00000720' '00000725' '00000727' '00006887'
 '00000671' '00006883' '00003656' '00004522' '00009745' '00000758'
 '00007780' '00010018' '00000719' '00020692' '00002474' '00020353'
 '00014459' '00004917' '00000726' '00015154' '00021054' '00005371'
 '00016054' '00012431' '00000672' '00000716' '00000723' '00000675'
 '00007778' '00011026' '00000721' '00001354' '00004549' '00000627'
 '00001594']",,3/1/2025
719,Approved,,20:07.7,,17977,TRUE,FALSE,,12:31.8,AMLODIPIN 5 PYMEPHARCO 3X10,AMLODIPIN 5 PYMEPHARCO 3X10,,,,A121600000719,AMLODIPIN 5 PMP 3X10,Normal,7.82847E+11,17977,3,THUỐC,,,3/1/2025
721,Approved,,20:08.4,,17979,TRUE,FALSE,,28:50.6,AMLODIPIN 5MG STADA 3X10,AMLODIPIN 5MG STADA 3X10,,,,A121600000721,AMLODIPIN 5 STADA 3X10,Normal,7.82847E+11,17979,3,THUỐC,,,3/1/2025
723,Approved,,20:08.7,,17980,FALSE,FALSE,,43:12.7,AMLONG 5 MICRO 10X10,,,,,A121600000723,AMLONG 5 MICRO 10X10,Normal,7.82847E+11,17980,3,THUỐC,"['00004522' '00020353' '00011351' '00000675' '00000725' '00000719'
 '00002474' '00000718' '00007780' '00000758' '00000671' '00004549'
 '00012431' '00000720' '00000721' '00010018' '00000726' '00001354'
 '00009745' '00006887' '00004917' '00014459' '00007778' '00011026'
 '00005371' '00021054' '00003656' '00021216' '00015154' '00020692'
 '00006883' '00016054' '00000716' '00000627' '00001594' '00000672'
 '00000727']",,3/1/2025
724,Approved,,20:09.0,,17981,FALSE,FALSE,,50:51.7,AMLONG-A 5 MICRO 10X10,AMLONG-A 5 MICRO 10X10,,,,A121600000724,AMLONG-A 5 MICRO 10X10,Normal,7.82847E+11,17981,3,THUỐC,,,3/1/2025
726,Approved,,20:09.7,,17983,TRUE,FALSE,,42:56.9,AMLOR 5MG VIATRIS 3X10,AMLOR 5MG VIATRIS 3X10,,,,A121600000726,AMLOR 5 VIATRIS 3X10,Normal,7.82847E+11,17983,3,THUỐC,,,3/1/2025
730,Approved,,00:45.7,,22378,FALSE,FALSE,,00:45.7,AMLOZAAR 50MG,,,,,A121600000730,AMLOZAAR 50MG,Normal,7.82847E+11,22378,3,THUỐC,,,3/1/2025
733,Approved,,20:10.3,,17985,TRUE,FALSE,,20:40.7,AMOKSIKLAV 1000MG LEK 2X5,AMOKSIKLAV 1000MG LEK 2X5,,,,A121600000733,AMOKSIKLAV 1000 LEK 2X5,Normal,7.82847E+11,17985,3,THUỐC,,,3/1/2025
735,Approved,,00:46.9,,22381,FALSE,FALSE,,00:46.9,AMONA,,,,,A121600000735,AMONA,Normal,7.82847E+11,22381,3,THUỐC,,,3/1/2025
739,Approved,,20:11.8,,17989,TRUE,FALSE,,06:32.1,AMOXICILLIN 500MG MEKOPHAR 10X10,AMOXICILLIN 500MG MEKOPHAR 10X10,,,,A121600000739,AMOXICILLIN 500 MKP 10X10,Normal,7.82847E+11,17989,3,THUỐC,,,3/1/2025
742,Approved,,20:12.9,,17992,TRUE,FALSE,,08:08.8,AMOXYCILIN 500MG VIDIPHA 10X10,,,,,A121600000742,AMOXYCILIN 500 VDP 10X10,Normal,7.82847E+11,17992,3,THUỐC,"['00017622' '00029963' '00000737' '00020420' '00014888' '00020341'
 '00005631' '00000740' '00020528' '00000739' '00030169' '00017509'
 '00006675' '00020468' '00000741']",,3/1/2025
743,Approved,,00:49.3,,22383,FALSE,FALSE,,00:49.3,AMPECYCLAL,,,,,A121600000743,AMPECYCLAL,Normal,7.82847E+11,22383,3,THUỐC,,,3/1/2025
744,Approved,,49:01.0,,21892,TRUE,FALSE,,00:22.4,AMPELOP TRAPHACO 9X10,AMPELOP TRAPHACO 9X10,,,,A121600000744,AMPELOP 9X10,Normal,7.82847E+11,21892,3,THUỐC,,,3/1/2025
748,Approved,,20:14.2,,17996,TRUE,FALSE,,42:56.9,AMPICILLIN 500MG MEKOPHAR 10X10,AMPICILLIN 500MG MEKOPHAR 10X10,,,,A121600000748,AMPICILLIN 500 MKP 10X10,Normal,7.82847E+11,17996,3,THUỐC,,,3/1/2025
749,Approved,,20:14.5,,17997,TRUE,FALSE,,42:56.9,AMPICILLIN 500MG DOMESCO 10X10,AMPICILLIN 500MG DOMESCO 10X10,,,,A121600000749,AMPICILLIN 500 DMC 10X10,Normal,7.82847E+11,17997,3,THUỐC,['00000750' '00006888' '00006676' '00000748'],,3/1/2025
751,Approved,,00:51.8,,22384,FALSE,FALSE,,05:44.1,AMPISID 40ML,,,,,A121600000751,AMPISID 40ML,Normal,7.82847E+11,22384,3,THUỐC,,,3/1/2025
752,Approved,,00:51.9,,2.24E+04,FALSE,FALSE,,05:44.1,AMPODOX 100MG,,,,,A121600000752,AMPODOX 100MG,Normal,7.82847E+11,22385,3,THUỐC,,,3/1/2025
753,Approved,,00:52.1,,22386,FALSE,FALSE,,05:49.5,AMPODOX 200MG,,,,,A121600000753,AMPODOX 200MG,Normal,7.82847E+11,22386,3,THUỐC,,,3/1/2025
754,Approved,,00:52.2,,22387,FALSE,FALSE,,05:44.2,AMSITOR 20MG,,,,,A121600000754,AMSITOR 20MG,Normal,7.82847E+11,22387,3,THUỐC,,,3/1/2025
757,Approved,,00:52.5,,22390,FALSE,FALSE,,00:24.6,AMTAS-IN 5,,,,,A121600000757,AMTAS-IN 5 (HẾT HÀNG),Normal,7.82847E+11,22390,3,THUỐC,,,3/1/2025
760,Approved,,59:19.1,,14647,TRUE,FALSE,,16:14.5,AN BẢO NAM DƯỢC 30V - VIÊN UỐNG NGỪA MỤN,AN BẢO NAM DƯỢC 30V - VIÊN UỐNG NGỪA MỤN,,,,B121600000760,AN BẢO ND 30V,Normal,7.82847E+11,14647,7,TPCN,,,3/1/2025
761,Approved,,46:51.2,,21645,TRUE,FALSE,,35:09.7,"GEL BÔI DA AN BẢO NAM DƯỢC GIẢM NGỨA, DỊU NHẸ CHO BÉ 12ML","GEL BÔI DA AN BẢO NAM DƯỢC GIẢM NGỨA, DỊU NHẸ CHO BÉ 12ML",,,,C121600000761,AN BẢO ND 12ML - DDTD,Normal,7.82847E+11,21645,5,DƯỢC MỸ PHẨM,,FVAC,3/1/2025
764,Approved,,46:23.4,,21577,FALSE,FALSE,,47:45.6,AN DẠ KINGPHAR 40V,AN DẠ KINGPHAR 40V,,,,B121600000764,AN DẠ KP 40V,Normal,7.82847E+11,21577,7,TPCN,,,3/1/2025
765,Approved,,00:54.7,,22391,FALSE,FALSE,,00:54.7,AN HẠ NGUYÊN,,,,,A121600000765,AN HẠ NGUYÊN,Normal,7.82847E+11,22391,3,THUỐC,,,3/1/2025
767,Approved,,00:55.0,,22393,FALSE,FALSE,,00:55.0,AN MẠCH (ÍCH NHÂN),,,,,A121600000767,AN MẠCH (ÍCH NHÂN),Normal,7.82847E+11,22393,3,THUỐC,,,3/1/2025
768,Approved,,49:25.8,,21946,FALSE,FALSE,,33:41.6,AN MẠCH ÍCH NHÂN 50V,AN MẠCH ÍCH NHÂN 50V,,,,B121600000768,AN MẠCH ÍCH NHÂN,Normal,7.82847E+11,21946,7,TPCN,,,3/1/2025
769,Approved,,48:23.6,,21800,TRUE,FALSE,,42:56.9,AN THẦN BỔ TÂM-F FITO 40V,AN THẦN BỔ TÂM-F FITO 40V,,,,A121600000769,AN THẦN BỔ TÂM-F FITO 40V,Normal,7.82847E+11,21800,3,THUỐC,,,3/1/2025
771,Approved,,46:22.7,,21575,TRUE,FALSE,,42:56.9,AN TRĨ VƯƠNG VINH GIA 3X10,AN TRĨ VƯƠNG VINH GIA 3X10,,,,B121600000771,AN TRĨ VƯƠNG 3X10,Normal,7.82847E+11,21575,7,TPCN,,,3/1/2025
773,Approved,,20:15.9,,18001,FALSE,FALSE,,10:10.0,ANAFERON 3G MATERIA 1X20,,,,,A121600000773,ANAFERON 3G MATERIA 1X20,Normal,7.82847E+11,18001,3,THUỐC,,,3/1/2025
774,Approved,,20:16.2,,18002,TRUE,FALSE,,42:56.9,ANAFERON CHILDREN 3MG MATERIA 1X20,ANAFERON CHILDREN 3MG MATERIA 1X20,,,,A121600000774,ANAFERON CHILDREN 3MG 1X20,Normal,7.82847E+11,18002,3,THUỐC,,,3/1/2025
775,Approved,,20:16.5,,18003,FALSE,FALSE,,06:32.8,ANARGIL 100MG MEDOCHEM 10X10,ANARGIL 100MG MEDOCHEM 10X10,,,,A121600000775,ANARGIL 100 MEDO 10X10,Normal,7.82847E+11,18003,3,THUỐC,,,3/1/2025
776,Approved,,20:16.8,,18004,FALSE,FALSE,,06:46.1,ANARGIL 200MG MEDOCHEM 10X10,ANARGIL 200MG MEDOCHEM 10X10,,,,A121600000776,ANARGIL 200 MEDO 10X10,Normal,7.82847E+11,18004,3,THUỐC,,,3/1/2025
777,Approved,,20:17.2,,1.80E+04,FALSE,FALSE,,20:02.4,ANDOPYL KIT 500MG ACME 7H X 6V,,,,,A121600000777,ANDOPYL KIT 500 ACME 7X6,Normal,7.82847E+11,18005,3,THUỐC,,,3/1/2025
778,Approved,,20:17.4,,18006,TRUE,FALSE,,12:33.4,ANDRIOL TESTOCAPS 40MG CATALENT 3X10,,,,,A121600000778,ANDRIOL TESTOCAPS 40 3X10,Normal,7.82847E+11,18006,3,THUỐC,,,3/1/2025
780,Approved,,50:47.9,,22149,TRUE,FALSE,,02:05.0,ANGELA GOLD ECOGREEN 60V,ANGELA GOLD ECOGREEN 60V,,,,B121600000780,ANGELA GOLD 60V,Normal,7.82847E+11,22149,7,TPCN,,,3/1/2025
781,Approved,,20:17.8,,18007,TRUE,FALSE,,28:03.6,ANGINOVAG FERRER 10ML,ANGINOVAG FERRER 10ML,,,,A121600000781,ANGINOVAG FERRER 10ML,Normal,7.82847E+11,18007,3,THUỐC,,,3/1/2025
784,Approved,,20:18.5,,18009,FALSE,FALSE,,48:55.7,ANGIZAAR 25MG MICRO 3X10,,,,,A121600000784,ANGIZAAR 25 MICRO 3X10,Normal,7.82847E+11,18009,3,THUỐC,"['00001405' '00004566' '00002159' '00004562' '00013755' '00004572'
 '00017090' '00004558' '00004561' '00021659' '00004556' '00006542'
 '00011369' '00020862' '00007440' '00006339']",,3/1/2025
785,Approved,,20:18.8,,18010,FALSE,FALSE,,48:52.1,ANGIZAAR 50MG MICRO 3X10,,,,,A121600000785,ANGIZAAR 50 MICRO 3X10,Normal,7.82847E+11,18010,3,THUỐC,"['00016154' '00000783' '00008434' '00006544' '00021536' '00021085'
 '00002117' '00004412' '00004570' '00020693' '00017439' '00008200'
 '00010269' '00020334' '00018346' '00004564' '00006340' '00011027'
 '00021192' '00017991' '00007441' '00010780' '00006090' '00004565'
 '00002160' '00014958' '00015252' '00003860' '00006585' '00021323'
 '00004571' '00016140' '00002088' '00004567' '00013756' '00006433']",,3/1/2025
788,Approved,,01:01.0,,22397,FALSE,FALSE,,01:01.0,ANOMA,,,,,A121600000788,ANOMA,Normal,7.82847E+11,22397,3,THUỐC,,,3/1/2025
791,Approved,,20:20.0,,18013,TRUE,FALSE,,42:56.9,ANTANAZOL SHINPOONG 10G,ANTANAZOL SHINPOONG 10G,,,,A121600000791,ANTANAZOL 10G,Normal,7.82847E+11,18013,3,THUỐC,,FVAC,3/1/2025
792,Approved,,01:01.9,,22399,FALSE,FALSE,,07:31.8,ANTI AGING 1200MG Lanopearl 60V,,,,,B121600000792,ANTI AGING 60 VIÊN,Normal,7.82847E+11,22399,7,TPCN,,,3/1/2025
797,Approved,,01:02.9,,22403,FALSE,FALSE,,01:02.9,ANTIDOULER,,,,,Z121600000797,ANTIDOULER,Normal,7.82847E+11,22403,11,KHÁC,,,3/1/2025
801,Approved,,01:03.5,,22406,FALSE,FALSE,,01:03.5,ANTI-HANGOVER SUPPLEMET,,,,,A121600000801,ANTI-HANGOVER SUPPLEMET,Normal,7.82847E+11,22406,3,THUỐC,,,3/1/2025
802,Approved,,01:03.7,,22407,FALSE,FALSE,,01:03.7,ANTIHEB 100MG,,,,,A121600000802,ANTIHEB 100MG,Normal,7.82847E+11,22407,3,THUỐC,,,3/1/2025
803,Approved,,20:20.5,,18015,TRUE,FALSE,,37:32.4,ANTIPHLAMINE S LOTION YUHAN 100ML,ANTIPHLAMINE S LOTION YUHAN 100ML,,,,A121600000803,ANTIPHLAMINE S LOTION 100ML,Normal,7.82847E+11,18015,3,THUỐC,,,3/1/2025
804,Approved,,59:20.2,,14649,TRUE,FALSE,,55:45.2,ANTOT IQ TRAPHACO 2X10 ỐNG,ANTOT IQ TRAPHACO 2X10 ỐNG,,,,B121600000804,ANTOT IQ 2X10 ỐNG,Normal,7.82847E+11,14649,7,TPCN,,FVAC,3/1/2025
806,Approved,,01:04.7,,22409,FALSE,FALSE,,01:04.7,ANYCOUGH,,,,,A121600000806,ANYCOUGH,Normal,7.82847E+11,22409,3,THUỐC,,,3/1/2025
807,Approved,,59:20.6,,14650,FALSE,FALSE,,00:51.7,ANZELA C CHUNG GEI 10G,ANZELA C CHUNG GEI 10G,,,,A121600000807,ANZELA C CHUNG GEI 10G,Normal,7.82847E+11,14650,3,THUỐC,,,3/1/2025
808,Approved,,49:55.4,,22021,FALSE,FALSE,,22:10.8,ÁO ĐÌNH 30V,ÁO ĐÌNH 30V,,,,B121600000808,ÁO ĐÌNH 30V,Normal,7.82847E+11,22021,7,TPCN,,,3/1/2025
809,Approved,,01:05.5,,22410,FALSE,FALSE,,01:05.5,AOSCABS 30ML,,,,,A121600000809,AOSCABS 30ML,Normal,7.82847E+11,22410,3,THUỐC,,,3/1/2025
811,Approved,,01:05.9,,22411,FALSE,FALSE,,01:05.9,APCALIS 20MG,,,,,A121600000811,APCALIS 20MG,Normal,7.82847E+11,22411,3,THUỐC,,,3/1/2025
812,Approved,,01:06.0,,22412,FALSE,FALSE,,01:06.0,APCOFORM-AX,,,,,A121600000812,APCOFORM-AX,Normal,7.82847E+11,22412,3,THUỐC,,FVAC,3/1/2025
813,Approved,,59:21.0,,14651,FALSE,FALSE,,50:51.7,APPETON LYSINE KOTRA 60ML,APPETON LYSINE KOTRA 60ML,,,,B121600000813,APPETON LYSINE 60ML,Normal,7.82847E+11,14651,7,TPCN,,,3/1/2025
814,Approved,,01:06.4,,22413,FALSE,FALSE,,01:06.4,APETON- MULTI DROPS 30ML,,,,,Z121600000814,APETON- MULTI DROPS 30ML,Normal,7.82847E+11,22413,11,KHÁC,,,3/1/2025
815,Approved,,01:06.5,,22414,FALSE,FALSE,,01:06.5,APETON TAURINE 60ML,,,,,A121600000815,APETON TAURINE 60ML,Normal,7.82847E+11,22414,3,THUỐC,,,3/1/2025
818,Approved,,20:21.5,,18018,FALSE,FALSE,,38:06.2,APO HALOPERIDOL 5MG APOTEX 1000V,,,,,A121600000818,APO HALOPERIDOL 5 1000V,Normal,7.82847E+11,18018,3,THUỐC,,,3/1/2025
819,Approved,,01:07.4,,22416,FALSE,FALSE,,06:06.1,ALLOPURINOL 300MG DMC 2X10 TRÙNG MÃ 00000618,,,,,A121600000819,ALLOPURINOL 300MG 2x10 TRÙNG MÃ 00000618,Normal,7.82847E+11,22416,3,THUỐC,,,3/1/2025
820,Approved,,20:21.8,,18019,FALSE,FALSE,,38:06.4,APO AMITRIPTYLINE 25MG APOTEX 1000V,,,,,A121600000820,APO AMITRIPTYLINE 25 1000V,Normal,7.82847E+11,18019,3,THUỐC,['00000712' '00021100'],,3/1/2025
823,Approved,,01:08.2,,22418,FALSE,FALSE,,01:08.2,APO-CLOXI 250MG,,,,,A121600000823,APO-CLOXI 250MG,Normal,7.82847E+11,22418,3,THUỐC,,,3/1/2025
824,Approved,,01:08.3,,22419,FALSE,FALSE,,01:08.3,APO-CLOXI 500MG,,,,,A121600000824,APO-CLOXI 500MG,Normal,7.82847E+11,22419,3,THUỐC,,,3/1/2025
825,Approved,,01:08.5,,22420,FALSE,FALSE,,01:08.5,APO-DIMENHYDRINATE 50MG,,,,,A121600000825,APO-DIMENHYDRINATE 50MG,Normal,7.82847E+11,22420,3,THUỐC,,,3/1/2025
834,Approved,,59:22.0,,14654,FALSE,FALSE,,28:07.9,APO NITROFURANTOIN 100MG APOTEX 100V,,,,,A121600000834,APO NITROFURANTOIN 100 100V,Normal,7.82847E+11,14654,3,THUỐC,,,3/1/2025
837,Approved,,20:23.1,,18023,FALSE,FALSE,,38:06.7,APO PROPRANOLOL 40MG APOTEX 100V,,,,,A121600000837,APO PROPRANOLOL 40 100V,Normal,7.82847E+11,18023,3,THUỐC,['00002568' '00030240'],,3/1/2025
838,Approved,,01:11.0,,22425,FALSE,FALSE,,01:11.0,APO-SALBUTAMOL 2MG,,,,,A121600000838,APO-SALBUTAMOL 2MG,Normal,7.82847E+11,22425,3,THUỐC,,,3/1/2025
840,Approved,,59:23.4,,1.47E+04,FALSE,FALSE,,50:51.7,APPETON INFANT DROP KOTRA 30ML,APPETON INFANT DROP KOTRA 30ML,,,,B121600000840,APPETON INFANT DROP 30ML,Normal,7.82847E+11,14657,7,TPCN,,,3/1/2025
843,Approved,,59:24.2,,14659,FALSE,FALSE,,20:58.1,APPETON TAURINE 60ML,,,,,A121600000843,APPETON TAURINE 60ML,Normal,7.82847E+11,14659,3,THUỐC,,,3/1/2025
845,Approved,,20:23.8,,18025,TRUE,FALSE,,06:47.0,APROVEL 300MG SANOFI  2X14,APROVEL 300MG SANOFI  2X14,,,,A121600000845,APROVEL 300 SNF 2X14,Normal,7.82847E+11,18025,3,THUỐC,,,3/1/2025
847,Approved,,01:13.2,,22428,FALSE,FALSE,,01:13.2,APTOZOLE 40MG,,,,,A121600000847,APTOZOLE 40MG,Normal,7.82847E+11,22428,3,THUỐC,,,3/1/2025
848,Approved,,01:13.3,,22429,FALSE,FALSE,,06:01.0,AQUA D3 TANIDA 10ML,,,,,A121600000848,AQUA D3 TANIDA 10ML,Normal,7.82847E+11,22429,3,THUỐC,,,3/1/2025
849,Approved,,01:13.6,,22430,FALSE,FALSE,,01:13.6,AQUA GOOD,,,,,A121600000849,AQUA GOOD,Normal,7.82847E+11,22430,3,THUỐC,,,3/1/2025
850,Approved,,20:24.1,,18026,TRUE,FALSE,,06:45.1,AQUADETRIM POLPHARMA 10ML,AQUADETRIM POLPHARMA 10ML,,,,A121600000850,AQUADETRIM POLPHARMA 10ML,Normal,7.82847E+11,18026,3,THUỐC,,,3/1/2025
851,Approved,,01:14.0,,22431,FALSE,FALSE,,01:14.0,AQUADIA,,,,,A121600000851,AQUADIA,Normal,7.82847E+11,22431,3,THUỐC,,,3/1/2025
852,Approved,,20:24.5,,18027,FALSE,FALSE,,50:51.7,ARASTAD 20 STELLA 3X10,ARASTAD 20 STELLA 3X10,,,,A121600000852,ARASTAD 20 STELLA 3X10,Normal,7.82847E+11,18027,3,THUỐC,,FVAC,3/1/2025
853,Approved,,20:24.8,,18028,FALSE,FALSE,,06:59.0,ARBITOL 400MG KOREA UNITED 10X10,ARBITOL 400MG KOREA UNITED 10X10,,,,A121600000853,ARBITOL 400 10X10,Normal,7.82847E+11,18028,3,THUỐC,,,3/1/2025
854,Approved,,01:14.8,,22432,FALSE,FALSE,,01:14.8,ARBOL 125MG,,,,,A121600000854,ARBOL 125MG,Normal,7.82847E+11,22432,3,THUỐC,,,3/1/2025
856,Approved,,20:25.5,,18030,TRUE,FALSE,,24:00.1,ARCOXIA 120MG MSD 3X10,,,,,A121600000856,ARCOXIA 120 3X10,Normal,7.82847E+11,18030,3,THUỐC,,,3/1/2025
857,Approved,,01:15.5,,22433,FALSE,FALSE,,01:15.5,ARCOXIA 30MG,,,,,A121600000857,ARCOXIA 30MG,Normal,7.82847E+11,22433,3,THUỐC,,,3/1/2025
858,Approved,,20:25.9,,18031,TRUE,FALSE,,27:16.2,ARCOXIA 60MG MSD 3X10,ARCOXIA 60MG MSD 3X10,,,,A121600000858,ARCOXIA 60 3X10,Normal,7.82847E+11,18031,3,THUỐC,"['00029954' '00008284' '00021753' '00007118' '00020414' '00029484'
 '00008217' '00000557' '00009816' '00002906' '00002908' '00010738'
 '00012405' '00029485' '00007448' '00009957' '00007445' '00003515'
 '00002900' '00002903']",,3/1/2025
864,Approved,,20:26.7,,18033,FALSE,FALSE,,50:51.7,ARGININ FORTE STELLA 10 ỐNG,ARGININ FORTE STELLA 10 ỐNG,,,,A121600000864,ARGININ FORTE STELLA 10 ỐNG,Normal,7.82847E+11,18033,3,THUỐC,,,3/1/2025
865,Approved,,59:25.0,,14661,FALSE,FALSE,,34:00.0,ARGININE PRO,,,,,B121600000865,ARGININE PRO,Normal,7.82847E+11,14661,7,TPCN,,,3/1/2025
867,Approved,,20:27.1,,18034,FALSE,FALSE,,50:51.7,ARGININE STADA 2X10 ỐNG 5ML,ARGININE STADA 2X10 ỐNG 5ML,,,,A121600000867,ARGININE STADA 2X10 ỐNG,Normal,7.82847E+11,18034,3,THUỐC,,,3/1/2025
868,Approved,,01:17.8,,22438,FALSE,FALSE,,01:17.8,ARGOL 50ML,,,,,A121600000868,ARGOL 50ML,Normal,7.82847E+11,22438,3,THUỐC,,,3/1/2025
869,Approved,,01:18.0,,22439,FALSE,FALSE,,01:18.0,ARGOL SRAY,,,,,A121600000869,ARGOL SRAY,Normal,7.82847E+11,22439,3,THUỐC,,,3/1/2025
870,Approved,,20:27.4,,18035,TRUE,FALSE,,37:32.4,ARICEPT EVESS 10MG EISAI 2X14,ARICEPT EVESS 10MG EISAI 2X14,,,,A121600000870,ARICEPT EVESS 10MG EISAI 2X14,Normal,7.82847E+11,18035,3,THUỐC,,,3/1/2025
874,Approved,,01:19.2,,22441,FALSE,FALSE,,01:19.2,ARLOVO,,,,,A121600000874,ARLOVO,Normal,7.82847E+11,22441,3,THUỐC,,,3/1/2025
876,Approved,,01:19.6,,22443,FALSE,FALSE,,01:19.6,ARTESUNAT 50MG,,,,,A121600000876,ARTESUNAT 50MG,Normal,7.82847E+11,22443,3,THUỐC,,,3/1/2025
877,Approved,,01:19.7,,22444,FALSE,FALSE,,01:19.7,ARTHOCERIN 50MG,,,,,A121600000877,ARTHOCERIN 50MG,Normal,7.82847E+11,22444,3,THUỐC,,,3/1/2025
878,Approved,,20:28.5,,18038,FALSE,FALSE,,38:08.0,ARTHRODONT PIERRE FABRE 40G,,,,,A121600000878,ARTHRODONT 40G,Normal,7.82847E+11,18038,3,THUỐC,,,3/1/2025
880,Approved,,20:28.8,,18039,TRUE,FALSE,,00:54.9,ARTHROBIC 15MG MEKOPHAR 30V,ARTHROBIC 15MG MEKOPHAR 30V,,,,A121600000880,ARTHROBIC 15 MKP 30V,Normal,7.82847E+11,18039,3,THUỐC,,,3/1/2025
884,Approved,,20:29.7,,18041,TRUE,FALSE,,59:01.1,ARTHUR 200MG DAVI 6X10,ARTHUR 200MG DAVI 6X10,,,,A121600000884,ARTHUR 200 DAVI 6X10,Normal,7.82847E+11,18041,3,THUỐC,,,3/1/2025
885,Approved,,20:30.0,,18042,FALSE,FALSE,,20:33.4,ARTREIL 50MG DAVI 3X10,,,,,A121600000885,ARTREIL 50 DAVI 3X10,Normal,7.82847E+11,18042,3,THUỐC,"['00007547' '00000888' '00011129' '00004048' '00002411' '00015218'
 '00002171' '00005568' '00002409' '00000550' '00006567' '00008429'
 '00013806' '00006736' '00005581' '00002397' '00002475' '00002396'
 '00011068' '00018552' '00013683' '00006191' '00002395' '00002398'
 '00002817' '00003192' '00016496' '00005575' '00006693' '00009869'
 '00005557']",,3/1/2025
886,Approved,,01:22.0,,2.24E+04,FALSE,FALSE,,06:06.5,ARTRIEL 50MG,,,,,A121600000886,ARTRIEL 50MG,Normal,7.82847E+11,22448,3,THUỐC,,,3/1/2025
887,Approved,,01:22.1,,22449,FALSE,FALSE,,01:22.1,ARTRILASE,,,,,A121600000887,ARTRILASE,Normal,7.82847E+11,22449,3,THUỐC,,,3/1/2025
890,Approved,,01:22.8,,22451,FALSE,FALSE,,01:22.8,ASCABS LOTION 30ML,,,,,A121600000890,ASCABS LOTION 30ML,Normal,7.82847E+11,22451,3,THUỐC,,,3/1/2025
893,Approved,,01:23.2,,22454,FALSE,FALSE,,01:23.2,ASCORIL,,,,,A121600000893,ASCORIL,Normal,7.82847E+11,22454,3,THUỐC,,,3/1/2025
896,Approved,,01:23.6,,22456,FALSE,FALSE,,01:23.6,ASMAACT 5MG,,,,,A121600000896,ASMAACT 5MG,Normal,7.82847E+11,22456,3,THUỐC,,,3/1/2025
897,Approved,,20:30.9,,18045,FALSE,FALSE,,37:11.3,ASMACORT 65MG F.T 100V,,,,,A121600000897,ASMACORT 65 F.T 100V,Normal,7.82847E+11,18045,3,THUỐC,,,3/1/2025
900,Approved,,20:31.3,,18046,TRUE,FALSE,,37:32.4,ASPILETS EC 80 UNITED 10X10,ASPILETS EC 80 UNITED 10X10,,,,A121600000900,ASPILETS EC 80 UNITED 10X10,Normal,7.82847E+11,18046,3,THUỐC,,,3/1/2025
9.04E+02,Approved,,20:31.7,,18047,TRUE,FALSE,,42:56.9,ASPIRIN PH8 MEKOPHAR 20X10,ASPIRIN PH8 MEKOPHAR 20X10,,,,A121600000904,ASPIRIN PH8 MKP 20X10,Normal,7.82847E+11,18047,3,THUỐC,,,3/1/2025
905,Approved,,01:25.5,,22461,FALSE,FALSE,,01:25.5,ASTEX,,,,,Z121600000905,ASTEX,Normal,7.82847E+11,22461,11,KHÁC,,,3/1/2025
906,Approved,,20:32.1,,18048,FALSE,FALSE,,38:09.1,ASTREN KYUNG DONG 10X10,,,,,A121600000906,ASTREN KYUNG DONG 10X10,Normal,7.82847E+11,18048,3,THUỐC,,,3/1/2025
908,Approved,,01:26.1,,22463,FALSE,FALSE,,01:26.1,ATAMETAZIN 5MG,,,,,Z121600000908,ATAMETAZIN 5MG,Normal,7.82847E+11,22463,11,KHÁC,,FVAC,3/1/2025
909,Approved,,20:32.4,,18049,FALSE,FALSE,,58:27.0,ATARAX 25MG UCB 1X30,,,,,A121600000909,ATARAX 25 UCB 1X30,Normal,7.82847E+11,18049,3,THUỐC,,,3/1/2025
910,Approved,,20:32.7,,18050,TRUE,FALSE,,42:56.9,ATASART 16MG GETZ 4X7,,,,,A121600000910,ATASART 16 GETZ 4X7,Normal,7.82847E+11,18050,3,THUỐC,,,3/1/2025
912,Approved,,20:33.3,,18052,TRUE,FALSE,,42:56.9,ATASART-H 28.5MG GETZ 4X7,,,,,A121600000912,ATASART-H 28.5 GETZ 4X7,Normal,7.82847E+11,18052,3,THUỐC,,,3/1/2025
913,Approved,,01:27.5,,22464,FALSE,FALSE,,01:27.5,ATCOBETA 10G,,,,,A121600000913,ATCOBETA 10G,Normal,7.82847E+11,22464,3,THUỐC,,,3/1/2025
924,Approved,,20:34.8,,18056,TRUE,FALSE,,35:09.7,SỮA DƯỠNG ẨM ATOPICLAIR LOTION MENARINI HỖ TRỢ GIẢM VIÊM DA CƠ ĐỊA 120ML,SỮA DƯỠNG ẨM ATOPICLAIR LOTION MENARINI HỖ TRỢ GIẢM VIÊM DA CƠ ĐỊA 120ML,,,,C121600000924,ATOPICLAIR LOTION 120ML,Normal,7.82847E+11,18056,5,DƯỢC MỸ PHẨM,,,3/1/2025
928,Approved,,20:35.5,,18058,TRUE,FALSE,,37:32.4,ATORHASAN 10MG HASAN 3X10,,,,,A121600000928,ATORHASAN 10 HASAN 3X10,Normal,7.82847E+11,18058,3,THUỐC,"['00001344' '00000925' '00003417' '00015996' '00020810' '00017449'
 '00004461' '00006915' '00006531' '00004451' '00006917' '00004446'
 '00014252' '00007107' '00000930' '00009633' '00021498' '00000933'
 '00015847' '00004453' '00015168' '00020355' '00012416' '00003277'
 '00014883' '00021073' '00017559' '00008263' '00001069' '00000939'
 '00007785' '00018297']",,3/1/2025
929,Approved,,20:35.8,,18059,TRUE,FALSE,,37:32.4,ATORHASAN 20MG HASAN 10X10,ATORHASAN 20MG HASAN 10X10,,,,A121600000929,ATORHASAN 20 HASAN 10X10,Normal,7.82847E+11,18059,3,THUỐC,,,3/1/2025
930,Approved,,20:36.2,,18060,FALSE,FALSE,,48:39.9,ATORIN 10MG 1X10,,,,,A121600000930,ATORIN 10 1X10,Normal,7.82847E+11,18060,3,THUỐC,"['00017559' '00006915' '00000933' '00012416' '00004451' '00000928'
 '00000939' '00003277' '00015996' '00004453' '00020810' '00007107'
 '00017449' '00008263' '00020355' '00015168' '00015847' '00009633'
 '00004461' '00001069' '00006917' '00014252' '00006531' '00003417'
 '00001344' '00014883' '00000925' '00004446' '00021073' '00018297'
 '00007785' '00021498']",,3/1/2025
931,Approved,,01:31.5,,22473,FALSE,FALSE,,01:31.5,ATORIN -20,,,,,A121600000931,ATORIN -20,Normal,7.82847E+11,22473,3,THUỐC,,,3/1/2025
933,Approved,,20:36.4,,18061,TRUE,FALSE,,37:32.4,ATORLIP 10MG DHG 3X10,ATORLIP 10MG DHG 3X10,,,,A121600000933,ATORLIP 10 DHG 3X10,Normal,7.82847E+11,18061,3,THUỐC,,,3/1/2025
934,Approved,,20:36.8,,18062,TRUE,FALSE,,19:30.7,ATORLIP 20MG DHG 3X10,,,,,A121600000934,ATORLIP 20 DHG 3X10,Normal,7.82847E+11,18062,3,THUỐC,"['00001070' '00020076' '00011050' '00020092' '00008264' '00007447'
 '00029400' '00017984' '00007786' '00020356' '00018882' '00017582'
 '00021229' '00010722' '00010363' '00021151' '00009780' '00011051'
 '00007108' '00020455' '00010197' '00003418' '00021604' '00004529'
 '00015848' '00004454' '00015136' '00010813' '00020475' '00000941'
 '00005495' '00004447' '00014251' '00020811' '00003278' '00004462'
 '00006532' '00000948' '00000929' '00001536' '00018167' '00004465'
 '00021468' '00006895' '00004452' '00021533']",,3/1/2025
936,Approved,,01:32.7,,22475,FALSE,FALSE,,06:07.0,ATORVASTATIN 10MG FLAMINGO,,,,,A121600000936,ATORVASTATIN 10MG FLAMINGO,Normal,7.82847E+11,22475,3,THUỐC,,,3/1/2025
938,Approved,,01:33.1,,22477,FALSE,FALSE,,06:07.3,ATORVASTATIN 10MG-Macleods,,,,,A121600000938,Atorvastatin 10mg-Macleods,Normal,7.82847E+11,22477,3,THUỐC,,,3/1/2025
940,Approved,,01:33.5,,22478,FALSE,FALSE,,06:07.4,ATORVASTATIN 20MG FLAMINGO,,,,,A121600000940,ATORVASTATIN 20MG FLAMINGO,Normal,7.82847E+11,22478,3,THUỐC,,,3/1/2025
941,Approved,,20:37.9,,18065,TRUE,FALSE,,42:56.9,ATORVASTATIN 20MG DOMESCO 2X10,ATORVASTATIN 20MG DOMESCO 2X10,,,,A121600000941,ATORVASTATIN 20 DMC 2X10,Normal,7.82847E+11,18065,3,THUỐC,,,3/1/2025
942,Approved,,01:34.0,,22479,FALSE,FALSE,,01:34.0,ATORVASTATIN 20MG-GMP WHO,,,,,A121600000942,ATORVASTATIN 20MG-GMP WHO,Normal,7.82847E+11,22479,3,THUỐC,,,3/1/2025
943,Approved,,01:34.2,,22480,FALSE,FALSE,,06:07.7,ATORVASTATIN 20MGKerala,,,,,A121600000943,ATORVASTATIN 20MGKerala,Normal,7.82847E+11,22480,3,THUỐC,,,3/1/2025
945,Approved,,01:34.5,,22482,FALSE,FALSE,,01:34.5,ATOTAS 10MG,,,,,A121600000945,ATOTAS 10MG,Normal,7.82847E+11,22482,3,THUỐC,,,3/1/2025
946,Approved,,01:34.7,,22483,FALSE,FALSE,,01:34.7,ATOTAS 20MG,,,,,A121600000946,ATOTAS 20MG,Normal,7.82847E+11,22483,3,THUỐC,,,3/1/2025
947,Approved,,01:34.8,,22484,FALSE,FALSE,,06:07.8,ATOVAST 10MG OPV 2X10,,,,,A121600000947,ATOVAST 10 OPV 2X10,Normal,7.82847E+11,22484,3,THUỐC,,,3/1/2025
948,Approved,,20:38.2,,18066,FALSE,FALSE,,48:35.4,ATOVAST 20MG OPV 1X7,ATOVAST 20MG OPV 1X7,,,,A121600000948,ATOVAST 20 OPV 1X7,Normal,7.82847E+11,18066,3,THUỐC,"['00007447' '00020455' '00010722' '00018167' '00004529' '00001070'
 '00021604' '00018882' '00021468' '00009780' '00011051' '00010197'
 '00017582' '00014251' '00020356' '00004462' '00020811' '00010363'
 '00006895' '00008264' '00003418' '00006532' '00000929' '00007108'
 '00004452' '00001536' '00021229' '00000941' '00020092' '00021151'
 '00029400' '00020475' '00021533' '00004447' '00000934' '00010813'
 '00011050' '00020076' '00007786' '00004454' '00015136' '00017984'
 '00005495' '00015848' '00003278' '00004465']",,3/1/2025
949,Approved,,20:38.5,,18067,FALSE,FALSE,,00:51.7,ATROPIN SULFAT 0.25MG VP 100 ỐNG,ATROPIN SULFAT 0.25MG VP 100 ỐNG,,,,A121600000949,ATROPIN SULFAT VP 100 ỐNG,Normal,7.82847E+11,18067,3,THUỐC,,,3/1/2025
952,Approved,,20:39.1,,18069,TRUE,FALSE,,08:16.7,ATUSSIN UNITED 30ML,ATUSSIN UNITED 30ML,,,,A121600000952,ATUSSIN UNITED 30ML,Normal,7.82847E+11,18069,3,THUỐC,,,3/1/2025
955,Approved,,01:36.8,,22487,FALSE,FALSE,,01:36.8,AUDISPRAY 45ML,,,,,Z121600000955,AUDISPRAY 45ML,Normal,7.82847E+11,22487,11,KHÁC,,,3/1/2025
957,Approved,,20:39.9,,18071,FALSE,FALSE,,50:51.7,AUDOCALS 5MG  1X10,AUDOCALS 5MG  1X10,,,,A121600000957,AUDOCALS 5MG,Normal,7.82847E+11,18071,3,THUỐC,,,3/1/2025
958,Approved,,01:37.4,,22488,FALSE,FALSE,,01:37.4,AUGANA,,,,,A121600000958,AUGANA,Normal,7.82847E+11,22488,3,THUỐC,,,3/1/2025
959,Approved,,20:40.2,,18072,TRUE,FALSE,,42:56.9,AUGBACTAM 1G MEKOPHAR 2X7,AUGBACTAM 1G MEKOPHAR 2X7,,,,A121600000959,AUGBACTAM 1G MKP 2X7,Normal,7.82847E+11,18072,3,THUỐC,,,3/1/2025
960,Approved,,01:37.9,,22489,FALSE,FALSE,,01:37.9,"AUGBACTAM 31,25MG",,,,,A121600000960,"AUGBACTAM 31,25MG",Normal,7.82847E+11,22489,3,THUỐC,,,3/1/2025
961,Approved,,01:38.0,,22490,FALSE,FALSE,,01:38.0,"AUGBACTAM 312,5MG",,,,,A121600000961,"AUGBACTAM 312,5MG",Normal,7.82847E+11,22490,3,THUỐC,,,3/1/2025
962,Approved,,20:40.6,,18073,TRUE,FALSE,,42:56.9,AUGBACTAM 625MG MEKOPHAR 2X5,AUGBACTAM 625MG MEKOPHAR 2X5,,,,A121600000962,AUGBACTAM 625 MKP 2X5,Normal,7.82847E+11,18073,3,THUỐC,,,3/1/2025
964,Approved,,20:41.4,,18075,TRUE,FALSE,,13:25.0,AUGMENTIN 1G GSK 2X7,AUGMENTIN 1G GSK 2X7,,,,A121600000964,AUGMENTIN 1G GSK 2X7,Normal,7.82847E+11,18075,3,THUỐC,,FVAC,3/1/2025
969,Approved,,59:26.2,,14664,FALSE,FALSE,,20:40.7,AUGMEX 1G KOREA UNITED 2X10,,,,,A121600000969,AUGMEX 1G KOREA 2X10,Normal,7.82847E+11,14664,3,THUỐC,"['00003200' '00004770' '00001264' '00000964' '00021282' '00027693'
 '00017308' '00030159' '00017681' '00000959' '00030264' '00014157'
 '00000971' '00013816' '00030865' '00001902' '00000733' '00030365'
 '00018234' '00004199' '00022758']",,3/1/2025
970,Approved,,20:43.3,,18080,TRUE,FALSE,,37:32.4,AUGMEX 625MG KOREA UNITED 2X10,AUGMEX 625MG KOREA UNITED 2X10,,,,A121600000970,AUGMEX 625 KOREA 2X10,Normal,7.82847E+11,18080,3,THUỐC,,,3/1/2025
972,Approved,,01:41.2,,22491,FALSE,FALSE,,01:41.2,AUGTIM 625MG,,,,,A121600000972,AUGTIM 625MG,Normal,7.82847E+11,22491,3,THUỐC,,,3/1/2025
976,Approved,,20:44.8,,18084,TRUE,FALSE,,00:06.6,AURICULARUM 10MG,AURICULARUM 10MG,,,,A121600000976,AURICULARUM,Normal,7.82847E+11,18084,3,THUỐC,,,3/1/2025
977,Approved,,01:42.5,,22493,FALSE,FALSE,,01:42.5,AUROCARTIN 250MG,,,,,A121600000977,AUROCARTIN 250MG,Normal,7.82847E+11,22493,3,THUỐC,,,3/1/2025
980,Approved,,20:45.6,,18086,FALSE,FALSE,,50:51.7,AUSAGEL 250MG MEBIPHAR 6X10,AUSAGEL 250MG MEBIPHAR 6X10,,,,A121600000980,AUSAGEL 250 MBP 6X10,Normal,7.82847E+11,18086,3,THUỐC,,,3/1/2025
982,Approved,,01:43.7,,22495,FALSE,FALSE,,01:43.7,AUSECOX 500,,,,,A121600000982,AUSECOX 500,Normal,7.82847E+11,22495,3,THUỐC,,,3/1/2025
984,Approved,,20:46.7,,18089,FALSE,FALSE,,35:51.7,AUSSAMIN  5X12,AUSSAMIN  5X12,,,,A121600000984,AUSSAMIN,Normal,7.82847E+11,18089,3,THUỐC,,,3/1/2025
986,Approved,,01:44.8,,22496,FALSE,FALSE,,01:44.8,AUSTONIC,,,,,A121600000986,AUSTONIC,Normal,7.82847E+11,22496,3,THUỐC,,,3/1/2025
989,Approved,,20:47.7,,18092,FALSE,FALSE,,48:28.7,AUS-VIT 40MG NAM HÀ 6X5,,,,,A121600000989,AUS-VIT 40 NAM HÀ 6X5,Normal,7.82847E+11,18092,3,THUỐC,,,3/1/2025
992,Approved,,20:48.3,,18094,TRUE,FALSE,,42:56.9,AVAMYS 27.5MCG GSK 60 DOSE,,,,,A121600000992,AVAMYS 27.5 GSK 60 DOSE,Normal,7.82847E+11,18094,3,THUỐC,,,3/1/2025
994,Approved,,20:48.7,,18095,TRUE,FALSE,,42:56.9,AVELOX 400 BAYER 1X5,AVELOX 400 BAYER 1X5,,,,A121600000994,AVELOX 400 BAYER 1X5,Normal,7.82847E+11,18095,3,THUỐC,,,3/1/2025
996,Approved,,45:25.9,,21425,FALSE,FALSE,,34:00.0,AVENE COLD CREAM CLEANSING GEL 200ML - GRM VÀ TẮM CHO DA KHÔ LÀM SẠCH ÊM DỊU VÀ CHỐNG KHÔ DA,AVENE COLD CREAM CLEANSING GEL 200ML - GRM VÀ TẮM CHO DA KHÔ LÀM SẠCH ÊM DỊU VÀ CHỐNG KHÔ DA,,,,C121600000996,AVENE COLD CREAM CLEANSING GEL 200ML,Normal,7.82847E+11,21425,5,DƯỢC MỸ PHẨM,,,3/1/2025
997,Approved,,01:47.5,,22500,FALSE,FALSE,,01:47.5,Avene-Gôm tẩy tế bào chết êm dịu 50ML,,,,,A121600000997,Avene-Gôm tẩy tế bào chết êm dịu 50ML,Normal,7.82847E+11,22500,3,THUỐC,,,3/1/2025
1000,Approved,,01:47.9,,22503,FALSE,FALSE,,01:47.9,Avene-Kem dưỡng chống khô da 100ML,,,,,Z121600001000,Avene-K.Chống khô da 100ml,Normal,7.82847E+11,22503,11,KHÁC,,,3/1/2025
1003,Approved,,01:48.4,,22506,FALSE,FALSE,,01:48.4,Avene-Kem làm lành da chống nhiễm khuẩn 40ML,,,,,A121600001003,Avene-Kem làm lành da chống nhiễm khuẩn 40ML,Normal,7.82847E+11,22506,3,THUỐC,,,3/1/2025
1004,Approved,,01:48.5,,22507,FALSE,FALSE,,01:48.5,Avene-Lotion chống nắng spf 50 cho trẻ em 100ML,,,,,A121600001004,Avene-Lotion chống nắng spf 50 cho trẻ em 100ML,Normal,7.82847E+11,22507,3,THUỐC,,,3/1/2025
1005,Approved,,01:48.6,,22508,FALSE,FALSE,,01:48.6,Avene-Lotion tẩy trang & rữa mặt cực dịu 200ML,,,,,A121600001005,Avene-Lotion tẩy trang & rữa mặt cực dịu 200ML,Normal,7.82847E+11,22508,3,THUỐC,,,3/1/2025
1.01E+03,Approved,,59:26.5,,14665,FALSE,FALSE,,38:30.9,AVENE PROTECTION TINTED CREAM 50+ 50ML - KCN CÓ MÀU BẢO VỆ TỐI DA DÀNH CHO MỌI LOẠI DA,,,,,C121600001007,AVENE TINTED CREAM 50+ 50ML,Normal,7.82847E+11,14665,5,DƯỢC MỸ PHẨM,,,3/1/2025
1012,Approved,,01:50.2,,22510,FALSE,FALSE,,01:50.2,AVIRCREM,,,,,A121600001012,AVIRCREM,Normal,7.82847E+11,22510,3,THUỐC,,,3/1/2025
1013,Approved,,20:49.4,,18097,TRUE,FALSE,,42:56.9,AVODART 0.5MG GSK 3X10,AVODART 0.5MG GSK 3X10,,,,A121600001013,AVODART 0.5 GSK 3X10,Normal,7.82847E+11,18097,3,THUỐC,,,3/1/2025
1014,Approved,,20:49.7,,18098,FALSE,FALSE,,07:13.0,AXCEL BETAMETHASONE CREAM 15G,AXCEL BETAMETHASONE CREAM 15G,,,,A121600001014,AXCEL BETAMETHASONE 15G,Normal,7.82847E+11,18098,3,THUỐC,,,3/1/2025
1017,Approved,,01:51.2,,22513,FALSE,FALSE,,01:51.2,AXCEL FAMOTIDINE 40MG,,,,,A121600001017,AXCEL FAMOTIDINE 40MG,Normal,7.82847E+11,22513,3,THUỐC,,,3/1/2025
1018,Approved,,01:51.4,,22514,FALSE,FALSE,,01:51.4,AXCEL FUSIDIC ACID 15G,,,,,Z121600001018,AXCEL FUSIDIC ACID 15G,Normal,7.82847E+11,22514,11,KHÁC,,,3/1/2025
1021,Approved,,58:20.6,,14493,TRUE,FALSE,,37:32.4,AXCEL MICONAZOLE CREAM 15G,AXCEL MICONAZOLE CREAM 15G,,,,A121600001021,AXCEL MICONAZOLE 15G,Normal,7.82847E+11,14493,3,THUỐC,,,3/1/2025
1025,Approved,,01:52.8,,22518,FALSE,FALSE,,01:52.8,AXCEL-PARACETAMOL 120MG-60ML,,,,,A121600001025,AXCEL-PARACETAMOL 120MG-60ML,Normal,7.82847E+11,22518,3,THUỐC,,,3/1/2025
1027,Approved,,20:50.7,,18101,FALSE,FALSE,,20:34.8,AXOCEXIB 200MG AXON 3X10,,,,,A121600001027,AXOCEXIB 200 AXON 3X10,Normal,7.82847E+11,18101,3,THUỐC,"['00002519' '00018892' '00016016' '00016374' '00001732' '00015215'
 '00001735' '00003927' '00000894' '00002551' '00001745' '00001742'
 '00004926' '00003215' '00002112' '00001767' '00007404' '00001754'
 '00008298' '00020576' '00010584' '00006541' '00004591' '00001740'
 '00008509' '00016115' '00001741' '00015010' '00021238' '00021767'
 '00014952' '00021701' '00013644' '00021742' '00029515']",,3/1/2025
1028,Approved,,20:51.0,,18102,FALSE,FALSE,,38:14.3,AXOLAM 100MG AXON 3X10,,,,,A121600001028,AXOLAM 100 AXON 3X10,Normal,7.82847E+11,18102,3,THUỐC,"['00006718' '00007948' '00013681' '00008209' '00003769' '00004293'
 '00016518' '00007972' '00001199' '00004307' '00014020' '00015103'
 '00004305']",,3/1/2025
1030,Approved,,20:51.3,,18103,FALSE,FALSE,,20:34.8,AXONIR 300MG AXON 3X10,,,,,A121600001030,AXONIR 300 AXON 3X10,Normal,7.82847E+11,18103,3,THUỐC,"['00005588' '00007109' '00016551' '00007240' '00002740' '00004082'
 '00005482' '00015035' '00006453' '00013761' '00005598' '00010311'
 '00001674' '00006213' '00029474' '00029454' '00010310' '00007727'
 '00002633' '00000589' '00001673' '00005597' '00011342' '00006789'
 '00007421' '00001669' '00021739']",,3/1/2025
1031,Approved,,01:54.1,,22521,FALSE,FALSE,,01:54.1,AXOTONE 500MG,,,,,A121600001031,AXOTONE 500MG,Normal,7.82847E+11,22521,3,THUỐC,,,3/1/2025
1032,Approved,,20:51.6,,18104,FALSE,FALSE,,48:21.9,AXREN 250MG 1X10,,,,,A121600001032,AXREN 250MG,Normal,7.82847E+11,18104,3,THUỐC,"['00008193' '00008251' '00001830' '00006229' '00029742' '00010038'
 '00002581' '00021740' '00008246' '00001729']",,3/1/2025
1033,Approved,,20:51.9,,18105,FALSE,FALSE,,27:58.6,AXREN 500MG 1X10,,,,,A121600001033,AXREN 500MG,Normal,7.82847E+11,18105,3,THUỐC,"['00013520' '00020530' '00008252' '00002725' '00020362' '00014503'
 '00001725' '00011349' '00015246' '00001831' '00017309' '00008412'
 '00008234' '00017411' '00008194' '00020422' '00008247' '00003605'
 '00001820' '00005199' '00001728' '00016174' '00006178' '00008149']",,3/1/2025
1035,Approved,,20:52.3,,18106,TRUE,FALSE,,42:56.9,AYITE 100 DAVI 6X10,AYITE 100 DAVI 6X10,,,,A121600001035,AYITE 100 DAVI 6X10,Normal,7.82847E+11,18106,3,THUỐC,,,3/1/2025
1039,Approved,,20:52.7,,18107,TRUE,FALSE,,18:31.0,AZAROIN 15G,,,,,A121600001039,AZAROIN 15G,Normal,7.82847E+11,18107,3,THUỐC,['00002201' '00007129' '00017752'],,3/1/2025
1040,Approved,,01:55.9,,22525,FALSE,FALSE,,06:01.1,AZEAIR 10MG/10ML BL,,,,,A121600001040,AZE-AIR,Normal,7.82847E+11,22525,3,THUỐC,,,3/1/2025
1041,Approved,,01:56.1,,22526,FALSE,FALSE,,01:56.1,AZEBIO,,,,,A121600001041,AZEBIO,Normal,7.82847E+11,22526,3,THUỐC,,,3/1/2025
1042,Approved,,01:56.3,,22527,FALSE,FALSE,,01:56.3,AZICIN SAC 250MGStada,,,,,Z121600001042,AZICIN SAC 250MG,Normal,7.82847E+11,22527,11,KHÁC,,,3/1/2025
1043,Approved,,20:53.0,,18108,TRUE,FALSE,,42:56.9,AZICINE 250MG STELLA 1X6,AZICINE 250MG STELLA 1X6,,,,A121600001043,AZICINE 250MG STELLA 1X6,Normal,7.82847E+11,18108,3,THUỐC,['00008257' '00014662' '00001064' '00001045' '00001060' '00014585'],,3/1/2025
1045,Approved,,20:53.4,,18109,FALSE,FALSE,,50:51.7,AZIEFTI 250MG F.T 1X6,AZIEFTI 250MG F.T 1X6,,,,A121600001045,AZIEFTI 250 F.T 1X6,Normal,7.82847E+11,18109,3,THUỐC,,,3/1/2025
1046,Approved,,01:57.0,,22529,FALSE,FALSE,,01:57.0,AZIEFTI 100MG,,,,,A121600001046,AZIEFTI 100MG,Normal,7.82847E+11,22529,3,THUỐC,,,3/1/2025
1047,Approved,,01:57.2,,22530,FALSE,FALSE,,01:57.2,AZIEFTI 250MG,,,,,A121600001047,AZIEFTI 250MG,Normal,7.82847E+11,22530,3,THUỐC,,,3/1/2025
1051,Approved,,01:57.9,,22532,FALSE,FALSE,,01:57.9,AZIEFTI SAC 200MG,,,,,A121600001051,AZIEFTI SAC 200MG,Normal,7.82847E+11,22532,3,THUỐC,,,3/1/2025
1053,Approved,,20:54.3,,18112,FALSE,FALSE,,59:15.4,AZIFLUS KIT 1X4,AZIFLUS KIT 1X4,,,,A121600001053,AZIFLU-S KIT,Normal,7.82847E+11,18112,3,THUỐC,,,3/1/2025
1054,Approved,,01:58.4,,22534,FALSE,FALSE,,01:58.4,AZIHASAN 250MG,AZIHASAN 250MG,,,,A121600001054,AZIHASAN 250MG,Normal,7.82847E+11,22534,3,THUỐC,,,3/1/2025
1055,Approved,,01:58.5,,22535,FALSE,FALSE,,01:58.5,AZIHASAN SAC 125MG,,,,,A121600001055,AZIHASAN SAC 125MG,Normal,7.82847E+11,22535,3,THUỐC,,,3/1/2025
1057,Approved,,20:54.6,,18113,TRUE,FALSE,,07:27.9,AZIMAX 500MG IMEXPHARM 1X3,AZIMAX 500MG IMEXPHARM 1X3,,,,A121600001057,AZIMAX 500 IMEX 1X3,Normal,7.82847E+11,18113,3,THUỐC,,,3/1/2025
1058,Approved,,20:55.0,,18114,TRUE,FALSE,,37:32.4,AZINTAL FORTE  10X10,AZINTAL FORTE  10X10,,,,A121600001058,AZINTAL FORTE,Normal,7.82847E+11,18114,3,THUỐC,,,3/1/2025
1059,Approved,,20:55.3,,18115,FALSE,FALSE,,20:58.1,AZIPOWDER 200MG/5ML,,,,,A121600001059,AZIPOWDER,Normal,7.82847E+11,18115,3,THUỐC,['00008259' '00010545'],,3/1/2025
1060,Approved,,20:55.6,,18116,FALSE,FALSE,,48:09.6,AZITHRAL 250MG ALEMBIC 10X6,,,,,A121600001060,AZITHRAL 250 ALEMBIC 10X6,Normal,7.82847E+11,18116,3,THUỐC,['00001045' '00001043' '00014662' '00008257' '00001064' '00014585'],,3/1/2025
1061,Approved,,01:59.9,,22537,FALSE,FALSE,,01:59.9,AZITHRAL 500MG,,,,,A121600001061,AZITHRAL 500MG,Normal,7.82847E+11,22537,3,THUỐC,,,3/1/2025
1063,Approved,,59:26.8,,14666,TRUE,FALSE,,37:22.2,AZITHROMYCIN 200 DHG 24 GÓI,AZITHROMYCIN 200 DHG 24 GÓI,,,,A121600001063,AZITHROMYCIN 200 DHG 24 GÓI,Normal,7.82847E+11,14666,3,THUỐC,,,3/1/2025
1064,Approved,,20:56.2,,18118,FALSE,FALSE,,00:51.7,AZITHROMYCIN 250MG TRAPHACO 1X6,AZITHROMYCIN 250MG TRAPHACO 1X6,,,,A121600001064,AZITHROMYCIN 250 1X6,Normal,7.82847E+11,18118,3,THUỐC,,,3/1/2025
1066,Approved,,02:01.2,,22538,FALSE,FALSE,,02:01.2,AZKON MR,,,,,A121600001066,AZKON MR,Normal,7.82848E+11,22538,3,THUỐC,,,3/1/2025
1067,Approved,,20:57.0,,18120,TRUE,FALSE,,42:56.9,AZOPT ALCON 5ML,AZOPT ALCON 5ML,,,,A121600001067,AZOPT ALCON 5ML,Normal,7.82848E+11,18120,3,THUỐC,,,3/1/2025
1069,Approved,,20:57.3,,18121,FALSE,FALSE,,50:51.7,AZTOR 10MG SUN 1X10,AZTOR 10MG SUN 1X10,,,,A121600001069,AZTOR 10 SUN 1X10,Normal,7.82848E+11,18121,3,THUỐC,,,3/1/2025
1071,Approved,,02:02.4,,22540,FALSE,FALSE,,02:02.4,AZVIT,,,,,Z121600001071,GARLIC OIL PHARMEKAL,Normal,7.82848E+11,22540,11,KHÁC,,,3/1/2025
1075,Approved,,02:03.5,,22541,FALSE,FALSE,,02:03.5,B.A.R 180 VIÊN,,,,,A121600001075,B.A.R 180 VIÊN,Normal,7.82848E+11,22541,3,THUỐC,,,3/1/2025
1079,Approved,,02:04.1,,22545,FALSE,FALSE,,02:04.1,B.VITAB B12-Đà Nẵng,,,,,A121600001079,B.VITAB B12-Đà Nẵng,Normal,7.82848E+11,22545,3,THUỐC,,,3/1/2025
1081,Approved,,02:04.4,,22547,FALSE,FALSE,,02:04.4,BABOMILK-MAX,,,,,A121600001081,BABOMILK-MAX,Normal,7.82848E+11,22547,3,THUỐC,,,3/1/2025
1088,Approved,,02:05.7,,22552,FALSE,FALSE,,02:05.7,BABYTA,,,,,A121600001088,BABYTA,Normal,7.82848E+11,22552,3,THUỐC,,,3/1/2025
1090,Approved,,02:05.9,,22554,FALSE,FALSE,,02:05.9,BÁCH HỢP 125ML,,,,,A121600001090,BÁCH HỢP 125ML,Normal,7.82848E+11,22554,3,THUỐC,,,3/1/2025
1093,Approved,,02:06.5,,2.26E+04,FALSE,FALSE,,02:06.5,BÁCH PHỤ KHANG,,,,,A121600001093,BÁCH PHỤ KHANG,Normal,7.82848E+11,22556,3,THUỐC,,,3/1/2025
1095,Approved,,46:22.1,,21573,FALSE,FALSE,,34:00.0,BÁCH XÀ NAM DƯỢC 40V,,,,,B121600001095,BÁCH XÀ ND 40V,Normal,7.82848E+11,21573,7,TPCN,,,3/1/2025
1096,Approved,,02:07.2,,22557,FALSE,FALSE,,02:07.2,BACIZIM PLUS,,,,,A121600001096,BACIZIM PLUS,Normal,7.82848E+11,22557,3,THUỐC,,,3/1/2025
1100,Approved,,21:00.2,,18129,FALSE,FALSE,,38:16.5,BACTOLAC  3X10,,,,,A121600001100,BACTOLAC,Normal,7.82848E+11,18129,3,THUỐC,,,3/1/2025
1102,Approved,,21:00.5,,18130,FALSE,FALSE,,58:27.0,BACTROBAN 5G,,,,,A121600001102,BACTROBAN 5G,Normal,7.82848E+11,18130,3,THUỐC,,,3/1/2025
1109,Approved,,21:01.1,,18132,TRUE,FALSE,,42:56.9,BAMBEC 10 ASTRAZENECA 3X10,BAMBEC 10 ASTRAZENECA 3X10,,,,A121600001109,BAMBEC 10 ASTRA 3X10,Normal,7.82848E+11,18132,3,THUỐC,,,3/1/2025
1110,Approved,,21:01.5,,18133,FALSE,FALSE,,22:26.8,BAMBUTOR 10 F.T 3X10,,,,,A121600001110,BAMBUTOR 10 F.T 3X10,Normal,7.82848E+11,18133,3,THUỐC,['00013707' '00001109' '00001720'],,3/1/2025
1112,Approved,,02:11.1,,22563,FALSE,FALSE,,02:11.1,BAMRIN,,,,,A121600001112,BAMRIN,Normal,7.82848E+11,22563,3,THUỐC,,,3/1/2025
1113,Approved,,02:11.2,,22564,FALSE,FALSE,,02:11.2,BẢN CHẢI ORAL-B 2-4 YEAR,,,,,A121600001113,BẢN CHẢI ORAL-B 2-4 YEAR,Normal,7.82848E+11,22564,3,THUỐC,,,3/1/2025
1114,Approved,,02:11.4,,22565,FALSE,FALSE,,02:11.4,BANALAPRIL 5,,,,,A121600001114,BANALAPRIL 5,Normal,7.82848E+11,22565,3,THUỐC,,,3/1/2025
1115,Approved,,02:11.5,,22566,FALSE,FALSE,,02:11.5,Băng cá nhân ACEBAND SHEER PLASTER,,,,,A121600001115,Băng cá nhân ACEBAND SHEER PLASTER,Normal,7.82848E+11,22566,3,THUỐC,,,3/1/2025
1120,Approved,,02:12.5,,22570,FALSE,FALSE,,02:12.5,"Băng cá nhân BANDSON WASHPROOF 3,8CM",,,,,Z121600001120,"Băng cá nhân BANDSON WASHPROOF 3,8CM",Normal,7.82848E+11,22570,11,KHÁC,,,3/1/2025
1123,Approved,,02:13.0,,22572,FALSE,FALSE,,02:13.0,BĂNG RỐN QUỲNH GIA,,,,,A121600001123,BĂNG RỐN QUỲNH GIA,Normal,7.82848E+11,22572,3,THUỐC,,,3/1/2025
1125,Approved,,59:29.2,,14673,TRUE,FALSE,,27:37.5,BĂNG THUN 2 MÓC QUANG MẬU (12 CUỘN),BĂNG THUN 2 MÓC QUANG MẬU (12 CUỘN),,,,D121600001125,BĂNG THUN 2 MÓC QM,Normal,7.82848E+11,14673,4,TRANG THIẾT BỊ Y TẾ,,,3/1/2025
1129,Approved,,21:02.2,,18135,TRUE,FALSE,,42:56.9,BANITASE PHIL INTER  20X5,,,,,A121600001129,BANITASE 20X5,Normal,7.82848E+11,18135,3,THUỐC,,,3/1/2025
1130,Approved,,49:15.5,,21922,FALSE,FALSE,,34:00.0,BẢO AN TIỀN LIỆT ĐƠN DƯỢC KHOA 30V,,,,,B121600001130,BẢO AN TIỀN LIỆT ĐƠN 30V,Normal,7.82848E+11,21922,7,TPCN,,,3/1/2025
1131,Approved,,02:15.0,,22574,FALSE,FALSE,,02:15.0,BAO CAO STRONG MEN`S 12`S,,,,,A121600001131,BAO CAO STRONG MEN`S 12`S,Normal,7.82848E+11,22574,3,THUỐC,,,3/1/2025
1132,Approved,,02:15.1,,22575,FALSE,FALSE,,02:15.1,BAO CAO SU 3 IN 1,,,,,A121600001132,BAO CAO SU 3 IN 1,Normal,7.82848E+11,22575,3,THUỐC,,,3/1/2025
1133,Approved,,02:15.2,,22576,FALSE,FALSE,,02:15.2,BAO CAO SU CÔ GÁI NGỮA,,,,,A121600001133,BAO CAO SU CÔ GÁI NGỮA,Normal,7.82848E+11,22576,3,THUỐC,,,3/1/2025
1135,Approved,,02:15.5,,22578,FALSE,FALSE,,08:30.7,BAO CAO SU LOVERS PERFORMA 3`S,BAO CAO SU LOVERS PERFORMA 3`S,,,,E121600001135,BAO CAO SU LOVERS PERFORMA 3`S,Normal,7.82848E+11,22578,15,HÀNG TIÊU DÙNG NHANH,,FVAC,3/1/2025
1136,Approved,,02:15.7,,22579,FALSE,FALSE,,02:15.7,BAO CAO SU PASANTE COOLING 12`S,,,,,A121600001136,BAO CAO SU PASANTE COOLING 12`S,Normal,7.82848E+11,22579,3,THUỐC,,,3/1/2025
1139,Approved,,02:16.1,,22582,FALSE,FALSE,,02:16.1,BAO CAO SU POWERMEN CASANOVA TYPE 3`S,,,,,A121600001139,BAO CAO SU POWERMEN CASANOVA TYPE 3`S,Normal,7.82848E+11,22582,3,THUỐC,,,3/1/2025
1140,Approved,,02:16.2,,22583,FALSE,FALSE,,02:16.2,BAO CAO SU SPRING DREAM 10`S,,,,,A121600001140,BAO CAO SU SPRING DREAM 10`S,Normal,7.82848E+11,22583,3,THUỐC,,,3/1/2025
1143,Approved,,02:16.9,,22584,FALSE,FALSE,,02:16.9,BẢO HOÀNG KHANG,,,,,A121600001143,BẢO HOÀNG KHANG,Normal,7.82848E+11,22584,3,THUỐC,,,3/1/2025
1145,Approved,,49:26.2,,21947,TRUE,FALSE,,42:56.9,BẢO XUÂN 50+ NAM DƯỢC 3X10,BẢO XUÂN 50+ NAM DƯỢC 3X10,,,,B121600001145,BẢO XUÂN 50+ ND 3X10,Normal,7.82848E+11,21947,7,TPCN,,,3/1/2025
1146,Approved,,21:02.5,,18136,FALSE,FALSE,,50:51.7,BAR SAGOPHA 90ML,BAR SAGOPHA 90ML,,,,A121600001146,BAR SGP 90ML,Normal,7.82848E+11,18136,3,THUỐC,,,3/1/2025
1149,Approved,,21:03.7,,18139,FALSE,FALSE,,32:19.7,BARACLUDE 0.5 BRISTOL 3X10,BARACLUDE 0.5 BRISTOL 3X10,,,,A121600001149,BARACLUDE 0.5 3X10,Normal,7.82848E+11,18139,3,THUỐC,,,3/1/2025
1150,Approved,,21:04.0,,18140,TRUE,FALSE,,11:44.1,BARCAVIR 0.5MG 1X10,BARCAVIR 0.5MG 1X10,,,,A121600001150,BARCAVIR 0.5,Normal,7.82848E+11,18140,3,THUỐC,,,3/1/2025
1153,Approved,,02:20.2,,22585,FALSE,FALSE,,02:20.2,BAROCARE,,,,,A121600001153,BAROCARE,Normal,7.82848E+11,22585,3,THUỐC,,,3/1/2025
1154,Approved,,21:05.0,,18143,TRUE,FALSE,,42:56.9,BAROLE 20MG MEGA 10X10,BAROLE 20MG MEGA 10X10,,,,A121600001154,BAROLE 20MG MEGA 10X10,Normal,7.82848E+11,18143,3,THUỐC,,,3/1/2025
1158,Approved,,02:21.7,,22586,FALSE,FALSE,,02:21.7,BAZIVIC,,,,,Z121600001158,BAZIVIC,Normal,7.82848E+11,22586,11,KHÁC,,,3/1/2025
1.16E+03,Approved,,02:21.8,,22587,FALSE,FALSE,,02:21.8,BDCEL,,,,,A121600001159,BDCEL,Normal,7.82848E+11,22587,3,THUỐC,,,3/1/2025
1160,Approved,,02:21.9,,22588,FALSE,FALSE,,02:21.9,BDCELL TABLET,,,,,A121600001160,BDCELL TABLET,Normal,7.82848E+11,22588,3,THUỐC,,,3/1/2025
1169,Approved,,21:06.0,,18146,FALSE,FALSE,,10:19.5,BECLATE 150 CIPLA 7.5ML,,,,,A121600001169,BECLATE 150 CIPLA 7.5ML,Normal,7.82848E+11,18146,3,THUỐC,,,3/1/2025
1172,Approved,,02:23.9,,22598,FALSE,FALSE,,06:08.4,BEDOUZA 1000,,,,,A121600001172,BEDOUZA 1000,Normal,7.82848E+11,22598,3,THUỐC,,,3/1/2025
1181,Approved,,21:07.0,,18149,TRUE,FALSE,,37:32.4,BELAF 926MG PHIL 10X10,BELAF 926MG PHIL 10X10,,,,A121600001181,BELAF 926 PHIL 10X10,Normal,7.82848E+11,18149,3,THUỐC,,,3/1/2025
1182,Approved,,59:32.3,,14682,FALSE,FALSE,,44:40.3,CTT BELIVER 12X5,,,,,B121600001182,CTT BELIVER 12X5,Normal,7.82848E+11,14682,7,TPCN,,,3/1/2025
1184,Approved,,02:26.8,,22603,FALSE,FALSE,,02:26.8,BENALAPRIL 10MG,,,,,Z121600001184,BENALAPRIL 10MG,Normal,7.82848E+11,22603,11,KHÁC,,,3/1/2025
1185,Approved,,59:32.7,,14683,FALSE,FALSE,,47:31.2,BENALAPRIL 5 BERLIN 30V,,,,,A121600001185,BENALAPRIL 5 30V,Normal,7.82848E+11,14683,3,THUỐC,"['00021367' '00018801' '00002705' '00021210' '00002775' '00015319'
 '00006332' '00002778' '00002780' '00001805']",,3/1/2025
1186,Approved,,02:27.2,,22604,FALSE,FALSE,,02:27.2,BENDA 500MG,,,,,A121600001186,BENDA 500MG,Normal,7.82848E+11,22604,3,THUỐC,,,3/1/2025
1188,Approved,,02:27.7,,22605,FALSE,FALSE,,02:27.7,BENEDYN,,,,,A121600001188,BENEDYN,Normal,7.82848E+11,22605,3,THUỐC,,,3/1/2025
1189,Approved,,21:07.8,,18151,FALSE,FALSE,,22:45.8,BENETIL-F 5.9MG KYUNG DONG 6X10,,,,,A121600001189,BENETIL-F 5.9 6X10,Normal,7.82848E+11,18151,3,THUỐC,"['00006210' '00006315' '00003107' '00021756' '00005648' '00010565'
 '00003180' '00002979' '00001877' '00012407' '00017357' '00016409'
 '00005622' '00006696' '00005352' '00021646' '00006787' '00004355'
 '00004951' '00006694' '00001065' '00008235' '00002994' '00013785']",,3/1/2025
1190,Approved,,02:28.1,,22606,FALSE,FALSE,,02:28.1,BENIDI,,,,,Z121600001190,BENIDI,Normal,7.82848E+11,22606,11,KHÁC,,,3/1/2025
1192,Approved,,02:28.4,,22607,FALSE,FALSE,,02:28.5,BENITIZ 500MG,,,,,A121600001192,BENITIZ 500MG,Normal,7.82848E+11,22607,3,THUỐC,,,3/1/2025
1195,Approved,,21:09.1,,18155,TRUE,FALSE,,07:18.7,BENTARCIN 80 KOLMAR 6X10,,,,,A121600001195,BENTARCIN 80 6X10,Normal,7.82848E+11,18155,3,THUỐC,"['00003944' '00029453' '00000643' '00014324' '00021667' '00010103'
 '00015273' '00010580' '00002687' '00009799' '00007807' '00010248'
 '00003715' '00021133' '00029433']",,3/1/2025
1196,Approved,,59:33.0,,14684,FALSE,FALSE,,19:44.7,BEPANTHEN 100MG SMARD 2X10,BEPANTHEN 100MG SMARD 2X10,,,,B121600001196,BEPANTHEN 100 SMARD 2X10,Normal,7.82848E+11,14684,7,TPCN,,,3/1/2025
1197,Approved,,02:29.9,,22608,FALSE,FALSE,,02:29.9,BEPANTHENE 250/ML,,,,,A121600001197,BEPANTHENE 250/ML,Normal,7.82848E+11,22608,3,THUỐC,,,3/1/2025
1198,Approved,,59:33.4,,14685,FALSE,FALSE,,28:16.0,BEPANTHENE BAYER 30G,BEPANTHENE BAYER 30G,,,,E121600001198,BEPANTHENE BAYER 30G,Normal,7.82848E+11,14685,15,HÀNG TIÊU DÙNG NHANH,,,3/1/2025
1200,Approved,,21:09.5,,18156,FALSE,FALSE,,09:42.7,BEPROGEL HOE 30ML,BEPROGEL HOE 30ML,,,,A121600001200,BEPROGEL HOE 30ML,Normal,7.82848E+11,18156,3,THUỐC,,,3/1/2025
1201,Approved,,02:30.9,,22609,FALSE,FALSE,,02:30.9,BEPROSALIC 30ML,,,,,Z121600001201,BEPROSALIC 30ML,Normal,7.82848E+11,22609,11,KHÁC,,,3/1/2025
1203,Approved,,21:10.1,,18158,TRUE,FALSE,,00:47.0,BEPROSONE CREAM HOE 15G,BEPROSONE CREAM HOE 15G,,,,A121600001203,BEPROSONE CREAM HOE 15G,Normal,7.82848E+11,18158,3,THUỐC,,,3/1/2025
1205,Approved,,21:10.4,,18159,TRUE,FALSE,,24:14.8,BEQUANTENE 100MG MEDIPLANTEX 2X10,BEQUANTENE 100MG MEDIPLANTEX 2X10,,,,A121600001205,BEQUANTENE 100 PLANTEX 2X10,Normal,7.82848E+11,18159,3,THUỐC,,,3/1/2025
1206,Approved,,21:10.8,,18160,TRUE,FALSE,,42:56.9,BERBERAL NADYPHAR 120V,BERBERAL NADYPHAR 120V,,,,A121600001206,BERBERAL NDP 120V,Normal,7.82848E+11,18160,3,THUỐC,,,3/1/2025
1210,Approved,,21:11.4,,1.82E+04,TRUE,FALSE,,37:32.4,BERODUAL BOEHRINGER 20ML,BERODUAL BOEHRINGER 20ML,,,,A121600001210,BERODUAL 20ML,Normal,7.82848E+11,18162,3,THUỐC,,,3/1/2025
1211,Approved,,21:11.7,,18163,TRUE,FALSE,,25:14.0,BERODUAL BOEHRINGER 10ML,BERODUAL BOEHRINGER 10ML,,,,A121600001211,BERODUAL 10ML,Normal,7.82848E+11,18163,3,THUỐC,,,3/1/2025
1215,Approved,,02:34.8,,22614,FALSE,FALSE,,06:08.7,BESOMIN 64MCG AQUA SPRAY 120 LIEU,,,,,A121600001215,BESOMIN 64MCG - TRÙNG MÃ 00001216,Normal,7.82848E+11,22614,3,THUỐC,,,3/1/2025
1219,Approved,,21:12.7,,18166,TRUE,FALSE,,42:56.9,BETACYLIC MEKOPHAR 15G,BETACYLIC MEKOPHAR 15G,,,,A121600001219,BETACYLIC MKP 15G,Normal,7.82848E+11,18166,3,THUỐC,,,3/1/2025
1220,Approved,,21:13.1,,18167,TRUE,FALSE,,42:56.9,BETADERM NEOMYCIN PHIL 10G,,,,,A121600001220,BETADERM NEOMYCIN PHIL 10G,Normal,7.82848E+11,18167,3,THUỐC,,,3/1/2025
1223,Approved,,21:14.1,,18170,TRUE,FALSE,,42:56.9,BETADINE DUNG DỊCH VỆ SINH PHỤ KHOA CHAI 125ML,BETADINE DUNG DỊCH VỆ SINH PHỤ KHOA CHAI 125ML,,,,A121600001223,BETADINE DUNG DỊCH VỆ SINH PHỤ KHOA CHAI 125ML,Normal,7.82848E+11,18170,3,THUỐC,,,3/1/2025
1224,Approved,,02:37.4,,22616,FALSE,FALSE,,02:37.4,BETALGINE F,,,,,Z121600001224,BETALGINE F,Normal,7.82848E+11,22616,11,KHÁC,,,3/1/2025
1226,Approved,,21:14.8,,18172,TRUE,FALSE,,42:56.9,BETALOC 50MG ASTRAZENECA 3X20,BETALOC 50MG ASTRAZENECA 3X20,,,,A121600001226,BETALOC 50 ASTRA 3X20,Normal,7.82848E+11,18172,3,THUỐC,,,3/1/2025
1227,Approved,,21:15.1,,18173,TRUE,FALSE,,42:56.9,BETALOC ZOK 25MG ASTRAZENECA 1X14,BETALOC ZOK 25MG ASTRAZENECA 1X14,,,,A121600001227,BETALOC ZOK 25 ASTRA 1X14,Normal,7.82848E+11,18173,3,THUỐC,,,3/1/2025
1228,Approved,,21:15.4,,18174,TRUE,FALSE,,42:56.9,BETALOC ZOK 50MG ASTRAZENECA 2X14,BETALOC ZOK 50MG ASTRAZENECA 2X14,,,,A121600001228,BETALOC ZOK 50 ASTRA 2X14,Normal,7.82848E+11,18174,3,THUỐC,,,3/1/2025
1229,Approved,,21:15.7,,18175,TRUE,FALSE,,42:56.9,BETASERC 16MG ABBOTT 3X20,BETASERC 16MG ABBOTT 3X20,,,,A121600001229,BETASERC 16MG ABBOTT 3X20,Normal,7.82848E+11,18175,3,THUỐC,,,3/1/2025
1232,Approved,,21:16.5,,18177,TRUE,FALSE,,37:32.4,BETASIPHON NADYPHAR 2X9,BETASIPHON NADYPHAR 2X9,,,,A121600001232,BETASIPHON NDP 2X9,Normal,7.82848E+11,18177,3,THUỐC,,,3/1/2025
1233,Approved,,21:16.9,,18178,TRUE,FALSE,,42:56.9,BETEX 100MG FAVOREX 5X10,BETEX 100MG FAVOREX 5X10,,,,A121600001233,BETEX 100 FAVOREX 5X10,Normal,7.82848E+11,18178,3,THUỐC,,,3/1/2025
1234,Approved,,21:17.3,,18179,FALSE,FALSE,,47:52.8,BETOCOSEL 200IU AHNGOOK 12X5,,,,,A121600001234,BETOCOSEL AHNGOOK 12X5,Normal,7.82848E+11,18179,3,THUỐC,,,3/1/2025
1235,Approved,,02:40.5,,22618,FALSE,FALSE,,06:08.8,BETONASE 10MG,,,,,A121600001235,BETONASE 10MG,Normal,7.82848E+11,22618,3,THUỐC,,,3/1/2025
1236,Approved,,02:40.7,,22619,FALSE,FALSE,,06:08.9,BETOPHYL,,,,,A121600001236,BETOPHYL,Normal,7.82848E+11,22619,3,THUỐC,,,3/1/2025
1238,Approved,,02:41.2,,22620,FALSE,FALSE,,06:09.1,BETOPTIC S 5ML,,,,,A121600001238,BETOPTIC S (Trùng mã 00001237),Normal,7.82848E+11,22620,3,THUỐC,,,3/1/2025
1239,Approved,,02:41.4,,22621,FALSE,FALSE,,06:09.2,BEUTICYSTINE,,,,,A121600001239,BEUTICYSTINE,Normal,7.82848E+11,22621,3,THUỐC,,,3/1/2025
1240,Approved,,21:17.9,,18181,TRUE,FALSE,,35:09.7,HOBEZUT ALL NATURAL 110ML - SIRO HO,HOBEZUT ALL NATURAL 110ML - SIRO HO,,,,B121600001240,HOBEZUT 110ML - SIRO HO,Normal,7.82849E+11,18181,7,TPCN,,,3/1/2025
1244,Approved,,21:18.6,,18183,TRUE,FALSE,,42:56.9,BIAFINE JNTL CONSUMER HEALTH 46.5G,BIAFINE JNTL CONSUMER HEALTH 46.5G,,,,A121600001244,BIAFINE JNTL CONSUMER HEALTH 46.5G,Normal,7.82848E+11,18183,3,THUỐC,,,3/1/2025
1245,Approved,,21:19.0,,18184,TRUE,FALSE,,42:56.9,BIAFINE 93G,BIAFINE 93G,,,,A121600001245,BIAFINE 93G,Normal,7.82848E+11,18184,3,THUỐC,,,3/1/2025
1247,Approved,,59:34.6,,14689,TRUE,FALSE,,37:32.4,BIBONLAX 5G HÀ NỘI 10 ỐNG,BIBONLAX 5G HÀ NỘI 10 ỐNG,,,,A121600001247,BIBONLAX 5G HN 10 ỐNG,Normal,7.82848E+11,14689,3,THUỐC,,,3/1/2025
1250,Approved,,59:35.7,,14692,FALSE,FALSE,,50:51.7,BICANMA BIDIPHAR 20 ỐNG,BICANMA BIDIPHAR 20 ỐNG,,,,A121600001250,BICANMA BDP 20 ỐNG,Normal,7.82848E+11,14692,3,THUỐC,,,3/1/2025
1254,Approved,,21:19.3,,18185,FALSE,FALSE,,20:40.7,BICLARY 500MG BVP 1X6,,,,,A121600001254,BICLARY 500 BVP 1X6,Normal,7.82848E+11,18185,3,THUỐC,"['00021689' '00020860' '00006321' '00004197' '00014758' '00001157'
 '00029931' '00010308' '00015129' '00001911' '00001606']",,3/1/2025
1256,Approved,,02:45.8,,22627,FALSE,FALSE,,06:09.5,BIDICA,,,,,A121600001256,BIDICA,Normal,7.82848E+11,22627,3,THUỐC,,,3/1/2025
1258,Approved,,59:36.1,,14693,FALSE,FALSE,,04:30.0,BIDIZYM KABI BIDIPHAR 1X12,,,,,A121600001258,BIDIZYM KABI BDP 1X12,Normal,7.82848E+11,14693,3,THUỐC,,,3/1/2025
1261,Approved,,21:19.9,,18187,FALSE,FALSE,,00:51.7,BIGIKO 40MG BVPHARMA 3X10,BIGIKO 40MG BVPHARMA 3X10,,,,A121600001261,BIGIKO 40MG 3X10,Normal,7.82848E+11,18187,3,THUỐC,,,3/1/2025
1263,Approved,,21:20.6,,18189,FALSE,FALSE,,03:40.4,BIHASAL 5MG HASAN 3X10,BIHASAL 5MG HASAN 3X10,,,,A121600001263,BIHASAL 5 HASAN 3X10,Normal,7.82848E+11,18189,3,THUỐC,,,3/1/2025
1264,Approved,,59:36.5,,14694,TRUE,FALSE,,06:38.2,BILCLAMOS BID 1000MG BILIM 2X7,BILCLAMOS BID 1000MG BILIM 2X7,,,,A121600001264,BILCLAMOS BID 1000 2X7,Normal,7.82848E+11,14694,3,THUỐC,,,3/1/2025
1265,Approved,,59:37.0,,14695,FALSE,FALSE,,34:00.0,BILL ALOVERA 50V,,,,,B121600001265,BILL ALOVERA 50V,Normal,7.82848E+11,14695,7,TPCN,,,3/1/2025
1266,Approved,,47:07.0,,21686,FALSE,FALSE,,38:30.9,BILL PLACENTA - ALOEVERA - VITAMIN E 100V - VIÊN BÔI NHAU THAI CỪU KẾT HỢP NHA ĐAM,BILL PLACENTA - ALOEVERA - VITAMIN E 100V - VIÊN BÔI NHAU THAI CỪU KẾT HỢP NHA ĐAM,,,,C121600001266,BILL ALOEVERA - VITAMIN E 100V,Normal,7.82848E+11,21686,5,DƯỢC MỸ PHẨM,,,3/1/2025
1267,Approved,,02:48.9,,22630,FALSE,FALSE,,02:48.9,BILL ROYALJELLY 50 VIÊN,,,,,Z121600001267,BILL ROYALJELLY 50 VIÊN,Normal,7.82848E+11,22630,11,KHÁC,,,3/1/2025
1273,Approved,,21:21.4,,18191,TRUE,FALSE,,37:32.4,BINEX METONE 500MG 10X10,BINEX METONE 500MG 10X10,,,,A121600001273,BINEX METONE 500 10X10,Normal,7.82848E+11,18191,3,THUỐC,,,3/1/2025
1275,Approved,,02:50.8,,22633,FALSE,FALSE,,02:50.8,BINOZYT 250MG,,,,,A121600001275,BINOZYT 250MG,Normal,7.82848E+11,22633,3,THUỐC,,FVAC,3/1/2025
1277,Approved,,02:51.1,,22635,FALSE,FALSE,,02:51.1,BIO CURMIN,,,,,A121600001277,BIO CURMIN,Normal,7.82848E+11,22635,3,THUỐC,,,3/1/2025
1278,Approved,,02:51.2,,22636,FALSE,FALSE,,02:51.2,BIO FLEX 60 VIÊN,,,,,A121600001278,BIO FLEX 60 VIÊN,Normal,7.82848E+11,22636,3,THUỐC,,,3/1/2025
1279,Approved,,49:57.4,,22026,TRUE,FALSE,,45:51.2,BIOACIMIN-FIBER MERACINE 30 GÓI,BIOACIMIN-FIBER MERACINE 30 GÓI,,,,B121600001279,BIOACIMIN-FIBER MERACINE 30 GÓI,Normal,7.82848E+11,22026,7,TPCN,,,3/1/2025
1280,Approved,,49:54.7,,22019,TRUE,FALSE,,45:51.2,BIO ACIMIN GOLD MERACINE 30 GÓI,BIO ACIMIN GOLD MERACINE 30 GÓI,,,,B121600001280,BIO ACIMIN GOLD MERACINE 30 GÓI,Normal,7.82848E+11,22019,7,TPCN,,,3/1/2025
1282,Approved,,02:52.2,,22638,FALSE,FALSE,,02:52.2,BIOCID,,,,,A121600001282,BIOCID,Normal,7.82848E+11,22638,3,THUỐC,,,3/1/2025
1283,Approved,,02:52.3,,22639,FALSE,FALSE,,02:52.3,BIOCID 100ML,,,,,A121600001283,BIOCID 100ML,Normal,7.82848E+11,22639,3,THUỐC,,,3/1/2025
1290,Approved,,21:23.3,,1.82E+04,TRUE,FALSE,,37:42.6,BIOLAC BIOPHARCO 10X10,BIOLAC BIOPHARCO 10X10,,,,A121600001290,BIOLAC 10X10,Normal,7.82848E+11,18197,3,THUỐC,,,3/1/2025
1295,Approved,,02:55.5,,22643,FALSE,FALSE,,02:55.5,BIOLACTYL.,,,,,A121600001295,BIOLACTYL.,Normal,7.82848E+11,22643,3,THUỐC,,,3/1/2025
1299,Approved,,02:56.3,,22645,FALSE,FALSE,,02:56.3,BIO-OMEGA 3,,,,,A121600001299,BIO-OMEGA 3,Normal,7.82848E+11,22645,3,THUỐC,,,3/1/2025
1301,Approved,,02:56.6,,22647,FALSE,FALSE,,02:56.6,BIO-ONE OMEGA 3,,,,,A121600001301,BIO-ONE OMEGA 3,Normal,7.82848E+11,22647,3,THUỐC,,,3/1/2025
1303,Approved,,21:24.7,,18201,FALSE,FALSE,,50:51.7,Biosaline 20ml,Biosaline 20ml,,,,A121600001303,BIOSALINE 20ML,Normal,7.82848E+11,18201,3,THUỐC,,,3/1/2025
1306,Approved,,21:25.0,,18202,FALSE,FALSE,,05:57.6,BIOSUBTYL DL 450MG DAVAC 25 GÓI,,,,,A121600001306,BIOSUBTYL DL 450 DAVAC 25 GÓI,Normal,7.82848E+11,18202,3,THUỐC,['00001308' '00001309'],,3/1/2025
1307,Approved,,59:37.9,,14697,FALSE,FALSE,,39:30.5,BIOSUBTYL PLUS V-BIOTECH 25 GÓI,BIOSUBTYL PLUS V-BIOTECH 25 GÓI,,,,B121600001307,BIOSUBTYL PLUS 25 GÓI,Normal,7.82848E+11,14697,7,TPCN,,,3/1/2025
1308,Approved,,21:25.3,,18203,FALSE,FALSE,,07:59.3,BIO SUBTYL-II BIOPHARCO 25 GÓI,BIO SUBTYL-II BIOPHARCO 25 GÓI,,,,A121600001308,BIOSUBTYL-II 25 GÓI,Normal,7.82848E+11,18203,3,THUỐC,,,3/1/2025
1312,Approved,,10:22.2,,3262,FALSE,FALSE,,11:05.7,BIOTIN 5MG,,,,,A121600001312,BIOTIN 5MG,Normal,7.82848E+11,3262,3,THUỐC,,,3/1/2025
1313,Approved,,21:25.9,,18205,TRUE,FALSE,,11:11.6,BIOTIN 5MG MEDIPLANTEX 2X10,BIOTIN 5MG MEDIPLANTEX 2X10,,,,A121600001313,BIOTIN 5 PLANTEX 2X10,Normal,7.82848E+11,18205,3,THUỐC,,,3/1/2025
1317,Approved,,03:00.0,,22655,FALSE,FALSE,,03:00.0,BIOVITA PLUS,,,,,A121600001317,BIOVITA PLUS,Normal,7.82848E+11,22655,3,THUỐC,,,3/1/2025
1318,Approved,,03:00.1,,22656,FALSE,FALSE,,06:10.1,BIOVITAL,,,,,A121600001318,BIOVITAL,Normal,7.82848E+11,22656,3,THUỐC,,,3/1/2025
1320,Approved,,49:54.1,,22018,FALSE,FALSE,,50:51.7,BIOVITAL 30 GÓI,BIOVITAL 30 GÓI,,,,B121600001320,BIOVITAL 30 GÓI,Normal,7.82848E+11,22018,7,TPCN,,,3/1/2025
1323,Approved,,21:26.6,,18207,FALSE,FALSE,,50:51.7,BIRESORT 5MG BIDIPHAR 1X20,BIRESORT 5MG BIDIPHAR 1X20,,,,A121600001323,BIRESORT 5 BDP 1X20,Normal,7.82848E+11,18207,3,THUỐC,,,3/1/2025
1325,Approved,,03:01.6,,22659,FALSE,FALSE,,03:01.6,BISACODYL-Traphaco,,,,,Z121600001325,BISACODYL-Traphaco,Normal,7.82848E+11,22659,11,KHÁC,,,3/1/2025
1326,Approved,,21:27.2,,18209,TRUE,FALSE,,42:56.9,BISALAXYL 5MG VIDIPHA 5X10,,,,,A121600001326,BISALAXYL 5 VDP 5X10,Normal,7.82848E+11,18209,3,THUỐC,['00001324' '00005667'],,3/1/2025
1328,Approved,,21:28.0,,18211,TRUE,FALSE,,16:27.3,BISEPTOL 480MG PHARBACO 1X20,,,,,A121600001328,BISEPTOL 480 1X20,Normal,7.82848E+11,18211,3,THUỐC,['00022261' '00030811' '00002095'],,3/1/2025
1330,Approved,,03:02.8,,22661,FALSE,FALSE,,03:02.8,BISMOLTAB,,,,,A121600001330,BISMOLTAB,Normal,7.82848E+11,22661,3,THUỐC,,,3/1/2025
1331,Approved,,21:28.3,,18212,FALSE,FALSE,,00:51.7,BISOCAR 5MG 3X10,BISOCAR 5MG 3X10,,,,A121600001331,BISOCAR 5,Normal,7.82848E+11,18212,3,THUỐC,,,3/1/2025
1333,Approved,,21:29.1,,18214,FALSE,FALSE,,50:51.7,BISOLOC PLUS 2.5MG/6.25MG UNITED 3X10,BISOLOC PLUS 2.5MG/6.25MG UNITED 3X10,,,,A121600001333,BISOLOC PLUS 2.5/6.25 3X10,Normal,7.82848E+11,18214,3,THUỐC,,,3/1/2025
1334,Approved,,21:29.5,,18215,FALSE,FALSE,,50:51.7,BISOLOC PLUS 5MG/6.25MG UNITED 3X10,BISOLOC PLUS 5MG/6.25MG UNITED 3X10,,,,A121600001334,BISOLOC PLUS 5/6.25 3X10,Normal,7.82848E+11,18215,3,THUỐC,,,3/1/2025
1336,Approved,,21:30.2,,18217,TRUE,FALSE,,58:07.8,BISOLVON KIDS SANOFI 60ML,BISOLVON KIDS SANOFI 60ML,,,,A121600001336,BISOLVON KIDS 60ML,Normal,7.82848E+11,18217,3,THUỐC,,,3/1/2025
1339,Approved,,21:30.9,,18219,TRUE,FALSE,,14:02.7,BISOPROLOL STADA 5MG 3X10,BISOPROLOL STADA 5MG 3X10,,,,A121600001339,BISOPROLOL STADA 5MG 3X10,Normal,7.82848E+11,18219,3,THUỐC,"['00013835' '00001335' '00001331' '00001592' '00002064' '00020431'
 '00013670' '00001338' '00001263' '00004826' '00017307' '00021152'
 '00003395' '00006595' '00002726' '00000555' '00002082' '00021232'
 '00013866']",,3/1/2025
1340,Approved,,21:31.3,,18220,TRUE,FALSE,,37:32.4,BISOPROLOL FUMARATE 2.5MG 2X14,BISOPROLOL FUMARATE 2.5MG 2X14,,,,A121600001340,BISOPROLOL FUMARATE 2.5 ACTAVIS,Normal,7.82848E+11,18220,3,THUỐC,,,3/1/2025
1345,Approved,,03:06.9,,22665,FALSE,FALSE,,03:06.9,BIVI COX 200,,,,,A121600001345,BIVI COX 200,Normal,7.82848E+11,22665,3,THUỐC,,,3/1/2025
1348,Approved,,03:07.5,,22667,FALSE,FALSE,,03:07.5,BIVO,,,,,A121600001348,BIVO,Normal,7.82848E+11,22667,3,THUỐC,,,3/1/2025
1349,Approved,,03:07.6,,22668,FALSE,FALSE,,03:07.6,BJECT,,,,,A121600001349,BJECT,Normal,7.82848E+11,22668,3,THUỐC,,,3/1/2025
1353,Approved,,21:32.3,,18223,TRUE,FALSE,,42:56.9,BLUEMINT 500MG PHIL 12X5,BLUEMINT 500MG PHIL 12X5,,,,A121600001353,BLUEMINT 500 PHIL 12X5,Normal,7.82848E+11,18223,3,THUỐC,,,3/1/2025
1.35E+03,Approved,,21:32.6,,18224,TRUE,FALSE,,37:32.4,BLUEPINE 5MG BLUE 6X10,BLUEPINE 5MG BLUE 6X10,,,,A121600001354,BLUEPINE 5 BLUE 6X10,Normal,7.82848E+11,18224,3,THUỐC,"['00000726' '00000719' '00016054' '00000672' '00004549' '00010018'
 '00021054' '00007780' '00021216' '00009745' '00006887' '00012431'
 '00020692' '00000725' '00000671' '00006883' '00014459' '00003656'
 '00001594' '00007778' '00000627' '00002474' '00000727' '00004522'
 '00000723' '00000675' '00020353' '00000720' '00000721' '00000716'
 '00005371' '00004917' '00000758' '00015154' '00000718' '00011351'
 '00011026']",,3/1/2025
1355,Rejected,,03:08.9,,22670,FALSE,FALSE,,41:13.7,BLUETINE 20MG BLUEPHARMA 6X10,,,,Từ chối duyệt,A121600001355,BLUETINE 20MG BLUEPHARMA 6X10,Normal,7.82848E+11,22670,3,THUỐC,,,3/1/2025
1359,Approved,,48:58.4,,21887,TRUE,FALSE,,16:22.7,BỔ KHÍ THÔNG HUYẾT BVP 3X10,BỔ KHÍ THÔNG HUYẾT BVP 3X10,,,,A121600001359,BỔ KHÍ THÔNG HUYẾT BVP 3X10,Normal,7.82848E+11,21887,3,THUỐC,,,3/1/2025
1362,Approved,,03:10.5,,22674,FALSE,FALSE,,08:50.6,BỔ THẬN ÂM,,,,,B121600001362,BỔ THẬN ÂM mã dư,Normal,7.82848E+11,22674,7,TPCN,,,3/1/2025
1363,Approved,,59:39.4,,14701,FALSE,FALSE,,34:00.0,BỔ THẬN ÂM NHẤT NHẤT 2X10,,,,,B121600001363,BỔ THẬN ÂM NHẤT NHẤT 2X10,Normal,7.82848E+11,14701,7,TPCN,,,3/1/2025
1369,Approved,,03:12.3,,22676,FALSE,FALSE,,03:12.3,BỔ TỲ PH 100ML,,,,,E121600001369,BỔ TỲ PH 100ML,Normal,7.82848E+11,22676,15,HÀNG TIÊU DÙNG NHANH,,,3/1/2025
1370,Approved,,21:33.0,,18225,FALSE,FALSE,,03:58.0,BOAKYE DAVI 6X10,,,,,A121600001370,BOAKYE DAVI 6X10,Normal,7.82848E+11,18225,3,THUỐC,"['00014915' '00007167' '00003973' '00005210' '00003621' '00003532'
 '00001642' '00021377' '00003561' '00003348' '00021774' '00015330'
 '00029520' '00013667' '00013930' '00006648' '00022376' '00003341'
 '00016355' '00007083']",,3/1/2025
1374,Approved,,48:17.6,,21786,TRUE,FALSE,,37:32.4,BOGANIC FORTE TRAPHACO 5X10,BOGANIC FORTE TRAPHACO 5X10,,,,A121600001374,BOGANIC FORTE 5X10,Normal,7.82848E+11,21786,3,THUỐC,,,3/1/2025
1376,Approved,,03:14.0,,22678,FALSE,FALSE,,03:14.0,BOGANIC VIÊN NÉN 20 VIÊN,,,,,Z121600001376,BOGANIC VIÊN NÉN 20 VIÊN,Normal,7.82848E+11,22678,11,KHÁC,,,3/1/2025
1379,Approved,,59:41.6,,14705,FALSE,FALSE,,08:27.6,BOM-VITAL,,,,,A121600001379,BOM-VITAL,Normal,7.82848E+11,14705,3,THUỐC,,,3/1/2025
1382,Approved,,03:15.4,,22682,FALSE,FALSE,,03:15.4,BONE-CARE,,,,,A121600001382,BONE-CARE,Normal,7.82848E+11,22682,3,THUỐC,,,3/1/2025
1383,Approved,,03:15.5,,22683,FALSE,FALSE,,06:01.3,BONEFOS 400MG BAYER 10X10,,,,,A121600001383,BONEFOS 400 BAYER 10X10,Normal,7.82848E+11,22683,3,THUỐC,,,3/1/2025
1384,Approved,,03:15.7,,22684,FALSE,FALSE,,03:15.7,BONEKEY,,,,,Z121600001384,BONEKEY,Normal,7.82848E+11,22684,11,KHÁC,,,3/1/2025
1386,Approved,,03:16.0,,22686,FALSE,FALSE,,03:16.0,BONFORTE,,,,,A121600001386,BONFORTE,Normal,7.82848E+11,22686,3,THUỐC,,,3/1/2025
1387,Approved,,03:16.2,,22687,FALSE,FALSE,,03:16.2,BÔNG RÁY TAI FALEE 170 CÂY,,,,,Z121600001387,BÔNG RÁY TAI FALEE 170 CÂY,Normal,7.82848E+11,22687,11,KHÁC,,,3/1/2025
1390,Approved,,03:16.6,,22690,FALSE,FALSE,,21:26.9,BÔNG RÁY TAI THỊNH PHÁT NGƯỜI LỚN,,,,,D121600001390,BÔNG RÁY TAI THỊNH PHÁT NGƯỜI LỚN,Normal,7.82848E+11,22690,4,TRANG THIẾT BỊ Y TẾ,,,3/1/2025
1392,Approved,,03:17.2,,22691,FALSE,FALSE,,03:17.2,BÔNG TẨY TRANG HÀN QUỐC,,,,,A121600001392,BÔNG TẨY TRANG HÀN QUỐC,Normal,7.82848E+11,22691,3,THUỐC,,,3/1/2025
1.39E+03,Approved,,57:43.2,,14391,FALSE,FALSE,,34:00.0,BONI HAIR 60V,,,,,B121600001394,BONI HAIR 60V,Normal,7.82848E+11,14391,7,TPCN,,,3/1/2025
1395,Approved,,50:43.8,,22139,TRUE,FALSE,,48:32.4,BONI HAPPY 60V,BONI HAPPY 60V,,,,B121600001395,BONI HAPPY 60V,Normal,7.82848E+11,22139,7,TPCN,,,3/1/2025
1397,Approved,,03:18.5,,22692,FALSE,FALSE,,08:53.9,BONIOXY 60V,,,,,A121600001397,TRÙNG MÃ,Normal,7.82848E+11,22692,3,THUỐC,,,3/1/2025
1399,Approved,,03:19.1,,22693,FALSE,FALSE,,03:19.1,BONICAL,,,,,Z121600001399,BONICAL,Normal,7.82848E+11,22693,11,KHÁC,,,3/1/2025
1403,Approved,,21:33.3,,18226,TRUE,FALSE,,30:28.3,BONLUTIN 4X15,BONLUTIN 4X15,,,,A121600001403,BONLUTIN 4X15,Normal,7.82848E+11,18226,3,THUỐC,,,3/1/2025
1404,Approved,,21:33.7,,18227,FALSE,FALSE,,20:40.7,BONMAX 60MG CADILA 10X7,,,,,A121600001404,BONMAX 60 CADILA 10X7,Normal,7.82848E+11,18227,3,THUỐC,,,3/1/2025
1405,Approved,,21:34.0,,18228,TRUE,FALSE,,44:50.5,BONSARTINE 25MG SQUARE 5X10,BONSARTINE 25MG SQUARE 5X10,,,,A121600001405,BONSARTINE 25 5X10,Normal,7.82848E+11,18228,3,THUỐC,,,3/1/2025
1408,Approved,,03:22.1,,22696,FALSE,FALSE,,03:22.1,BORIVAMPI 20MG,,,,,A121600001408,BORIVAMPI 20MG,Normal,7.82848E+11,22696,3,THUỐC,,,3/1/2025
1410,Approved,,21:34.8,,18231,FALSE,FALSE,,50:51.7,BOSFLON 450MG BOSTON 4X15,BOSFLON 450MG BOSTON 4X15,,,,A121600001410,BOSFLON 450 BOSTON 4X15,Normal,7.82848E+11,18231,3,THUỐC,,,3/1/2025
1413,Approved,,21:35.8,,18234,TRUE,FALSE,,37:32.4,BOSTANEX BOSTON 60ML,BOSTANEX BOSTON 60ML,,,,A121600001413,BOSTANEX BOSTON 60ML,Normal,7.82848E+11,18234,3,THUỐC,['00016731' '00020734' '00014969' '00008450'],,3/1/2025
1414,Approved,,21:36.1,,18235,TRUE,FALSE,,42:56.9,BỘT SULFAR PHARMEDIC 8G,,,,,A121600001414,BỘT SULFAR PMD 8G,Normal,7.82848E+11,18235,3,THUỐC,,,3/1/2025
1415,Approved,,21:36.4,,18236,TRUE,FALSE,,35:09.7,BỘT TRAPHA KHỬ MÙI HÔI CHÂN VÀ NÁCH 30G,BỘT TRAPHA KHỬ MÙI HÔI CHÂN VÀ NÁCH 30G,,,,C121600001415,BỘT KHỬ MÙI TRAPHA 30G,Normal,7.82848E+11,18236,5,DƯỢC MỸ PHẨM,,,3/1/2025
1416,Approved,,03:24.3,,22697,FALSE,FALSE,,03:24.3,BRAFORCE,,,,,A121600001416,BRAFORCE,Normal,7.82848E+11,22697,3,THUỐC,,,3/1/2025
1419,Approved,,03:25.5,,22699,FALSE,FALSE,,03:25.5,BRAND`S 42G,,,,,Z121600001419,BRAND`S 42G,Normal,7.82848E+11,22699,11,KHÁC,,,3/1/2025
1421,Approved,,03:25.7,,22701,FALSE,FALSE,,03:25.7,BRAND`S ĐÔNG TRÙNG HẠ THẢO 42G,,,,,A121600001421,BRAND`S ĐÔNG TRÙNG HẠ THẢO 42G,Normal,7.82848E+11,22701,3,THUỐC,,,3/1/2025
1423,Approved,,03:26.0,,22703,FALSE,FALSE,,03:26.0,BRAND`S NƯỚC CỐT GÀ 42G,,,,,Z121600001423,BRAND`S NƯỚC CỐT GÀ 42G,Normal,7.82848E+11,22703,11,KHÁC,,,3/1/2025
1425,Approved,,03:26.4,,22704,FALSE,FALSE,,03:26.4,BRAND`S VETA,,,,,A121600001425,BRAND`S VETA,Normal,7.82848E+11,22704,3,THUỐC,,,3/1/2025
1426,Approved,,21:37.0,,18238,TRUE,FALSE,,17:10.6,BRANIN 5X12,BRANIN 5X12,,,,A121600001426,BRANIN,Normal,7.82848E+11,18238,3,THUỐC,,,3/1/2025
1429,Approved,,21:38.0,,18241,FALSE,FALSE,,44:40.5,BRICANYL ASTRAZENECA 60ML,,,,,A121600001429,BRICANYL ASTRA 60ML,Normal,7.82848E+11,18241,3,THUỐC,,,3/1/2025
1432,Approved,,21:38.7,,18243,TRUE,FALSE,,42:56.9,BROMHEXIN 4MG F.T 10X20,BROMHEXIN 4MG F.T 10X20,,,,A121600001432,BROMHEXIN 4 F.T 10X20,Normal,7.82848E+11,18243,3,THUỐC,['00017487' '00015284' '00001433' '00029168'],,3/1/2025
1434,Approved,,03:29.1,,22705,FALSE,FALSE,,06:10.3,BROMHEXIN 8MG DMC 3X10,,,,,A121600001434,BROMHEXIN 8MG DMC 3X10,Normal,7.82848E+11,22705,3,THUỐC,,,3/1/2025
1435,Approved,,21:39.5,,18245,TRUE,FALSE,,42:56.9,BROMHEXIN 8MG F.T 10X20,BROMHEXIN 8MG F.T 10X20,,,,A121600001435,BROMHEXIN 8 F.T 10X20,Normal,7.82848E+11,18245,3,THUỐC,,,3/1/2025
1436,Approved,,21:39.9,,18246,FALSE,FALSE,,40:02.7,BROMHEXIN 8MG DHG 3X10,BROMHEXIN 8MG DHG 3X10,,,,A121600001436,BROMHEXIN 8 DHG 3X10,Normal,7.82848E+11,18246,3,THUỐC,,,3/1/2025
1439,Approved,,59:44.3,,14710,TRUE,FALSE,,42:56.9,BRONCHO VAXOM ADULTS 7MG 1X10,BRONCHO VAXOM ADULTS 7MG 1X10,,,,A121600001439,BRONCHO VAXOM ADULTS 1X10,Normal,7.82848E+11,14710,3,THUỐC,,,3/1/2025
1440,Approved,,21:40.8,,18249,TRUE,FALSE,,42:56.9,BRONCHO VAXOM CHILDREN 3.5 1X10,BRONCHO VAXOM CHILDREN 3.5 1X10,,,,A121600001440,BRONCHO VAXOM CHILDREN 3.5 1X10,Normal,7.82848E+11,18249,3,THUỐC,,,3/1/2025
1441,Approved,,21:41.1,,18250,FALSE,FALSE,,47:24.2,BRONKET 1MG SYNMEDIC 10X10,,,,,A121600001441,BRONKET 1 SMD 10X10,Normal,7.82848E+11,18250,3,THUỐC,['00008185' '00016397'],,3/1/2025
1442,Approved,,59:44.7,,14711,TRUE,FALSE,,04:28.0,BRONUCK SENJU 5ML,BRONUCK SENJU 5ML,,,,A121600001442,BRONUCK SENJU 5ML,Normal,7.82848E+11,14711,3,THUỐC,,,3/1/2025
1446,Approved,,21:41.8,,18252,TRUE,FALSE,,42:56.9,BRUFEN ABBOTT 60ML,BRUFEN ABBOTT 60ML,,,,A121600001446,BRUFEN ABBOTT 60ML,Normal,7.82848E+11,18252,3,THUỐC,,,3/1/2025
1448,Approved,,21:42.1,,18253,FALSE,FALSE,,22:25.6,BUDENASE AQ BA 7.5ML,BUDENASE AQ BA 7.5ML,,,,A121600001448,BUDENASE AQ BA 7.5ML,Normal,7.82848E+11,18253,3,THUỐC,,,3/1/2025
