id,measure_unit_id,measure_unit_name,measure_rate_name,measure_rate_id,is_default,level,is_sell_default,ratio,unique_id,sku_id
22730,1,Hộp,Chuyển đổi Hộp sang 500xViên,33,TRUE,1,TRUE,500,1,13184
25059,1,Hộp,Chuyển đổi Hộp sang 12xGói,69,TRUE,1,FALSE,12,1,11988
21162,14,Gói,Chuyển đổi Gói sang 1xGói,6,TRUE,1,TRUE,1,14,13960
13640,8,Viên,Chuyển đổi Viên sang 1xViên,3,TRUE,3,FALSE,1,8,15618
33477,5,Chiếc,Chuyển đổi Chiếc sang 1xChiếc,173,TRUE,1,TRUE,1,5,9275
48948,1,Hộp,Chuyển đổi Hộp sang 1 Hộp,905,TRUE,1,TRUE,1,1,29254
50185,8,Viên,Chuyển đổi Viên sang 1xViên,3,TRUE,3,TRUE,1,8,29879
50091,8,Viên,Chuyển đổi Viên sang 1xViên,3,TRUE,3,TRUE,1,8,29832
16621,8,Viên,Chuyển đổi Viên sang 1xViên,3,TRUE,3,FALSE,1,8,16308
16821,6,Chai,Chuyển đổi Chai sang 1 Chai,903,TRUE,1,TRUE,1,6,16373
42074,7,Lọ,Chuyển đổi Lọ sang 1 Lọ,860,TRUE,3,FALSE,1,7,27307
15681,1,Hộp,Chuyển đổi Hộp sang 20 Gói,833,TRUE,1,TRUE,20,1,21256
22016,1,Hộp,Chuyển đổi Hộp sang 30 Viên,898,TRUE,1,FALSE,30,1,13546
22623,8,Viên,Chuyển đổi Viên sang 1xViên,3,TRUE,3,FALSE,1,8,13239
22315,13,Vỉ,Chuyển đổi Vỉ sang 10 Viên,877,TRUE,2,FALSE,10,13,13395
24257,1,Hộp,Chuyển đổi Hộp sang 1 Hộp,905,TRUE,1,TRUE,1,1,12458
4658,8,Viên,Chuyển đổi Viên sang 1xViên,3,TRUE,3,TRUE,1,8,19021
32712,5,Chiếc,Chuyển đổi Chiếc sang 1xChiếc,173,TRUE,1,TRUE,1,5,8416
22109,15,Ống,Chuyển đổi Ống sang 1xỐng,28,TRUE,3,FALSE,1,15,13488
20868,13,Vỉ,Chuyển đổi Vỉ sang 10 Viên,877,TRUE,2,FALSE,10,13,14157
32142,5,Chiếc,Chuyển đổi Chiếc sang 1xChiếc,173,TRUE,1,TRUE,1,5,7874
32137,5,Chiếc,Chuyển đổi Chiếc sang 1xChiếc,173,TRUE,1,TRUE,1,5,7879
32122,5,Chiếc,Chuyển đổi Chiếc sang 1xChiếc,173,TRUE,1,TRUE,1,5,7894
25060,14,Gói,Chuyển đổi Gói sang 1xGói,6,TRUE,3,TRUE,1,14,12060
7579,1,Hộp,Chuyển đổi Hộp sang 30 Viên,898,TRUE,1,FALSE,30,1,15144
6356,8,Viên,Chuyển đổi Viên sang 1xViên,3,TRUE,3,TRUE,1,8,15047
5796,6,Chai,Chuyển đổi Chai sang 1 Chai,903,TRUE,1,TRUE,1,6,15011
4413,8,Viên,Chuyển đổi Viên sang 1xViên,3,TRUE,3,TRUE,1,8,23506
26745,4,Cái,Chuyển đổi Cái sang 1 Cái,790,TRUE,1,TRUE,1,4,11176
830,1,Hộp,Chuyển đổi Hộp sang 20 Viên,858,TRUE,1,FALSE,20,1,18065
762,8,Viên,Chuyển đổi Viên sang 1xViên,3,TRUE,3,TRUE,1,8,18048
883,1,Hộp,Chuyển đổi Hộp sang 20 Viên,858,TRUE,1,FALSE,20,1,18081
34033,5,Chiếc,Chuyển đổi Chiếc sang 1xChiếc,173,TRUE,1,TRUE,1,5,9831
30751,5,Chiếc,Chuyển đổi Chiếc sang 1xChiếc,173,TRUE,1,TRUE,1,5,6485
30896,5,Chiếc,Chuyển đổi Chiếc sang 1xChiếc,173,TRUE,1,TRUE,1,5,6640
31349,5,Chiếc,Chuyển đổi Chiếc sang 1xChiếc,173,TRUE,1,TRUE,1,5,7255
24907,1,Hộp,Chuyển đổi Hộp sang 30 Viên,898,TRUE,1,TRUE,30,1,12161
25045,6,Chai,Chuyển đổi Chai sang 1 Chai,903,TRUE,1,TRUE,1,6,12129
20362,1,Hộp,Chuyển đổi Hộp sang 100 Viên,879,TRUE,1,FALSE,100,1,14432
28813,8,Viên,Chuyển đổi Viên sang 1xViên,3,TRUE,3,FALSE,1,8,10188
18553,1,Hộp,Chuyển đổi Hộp sang 50 Viên,839,TRUE,1,FALSE,50,1,17123
24406,13,Vỉ,Chuyển đổi Vỉ sang 10 Viên,877,TRUE,2,FALSE,10,13,12380
10443,8,Viên,Chuyển đổi Viên sang 1xViên,3,TRUE,3,FALSE,1,8,15325
10444,13,Vỉ,Chuyển đổi Vỉ sang 10 Viên,877,TRUE,2,FALSE,10,13,15325
9292,1,Hộp,Chuyển đổi Hộp sang 1 Viên,850,TRUE,1,FALSE,1,1,24953
21361,1,Hộp,Chuyển đổi Hộp sang 40xViên,11,TRUE,1,TRUE,40,1,13868
21442,8,Viên,Chuyển đổi Viên sang 1xViên,3,TRUE,3,FALSE,1,8,13821
15424,2,Tuýp,Chuyển đổi Tuýp sang 1 Tuýp,889,TRUE,1,TRUE,1,2,21704
20405,8,Viên,Chuyển đổi Viên sang 1xViên,3,TRUE,3,FALSE,1,8,14388
1625,8,Viên,Chuyển đổi Viên sang 1xViên,3,TRUE,3,FALSE,1,8,18262
1655,1,Hộp,Chuyển đổi Hộp sang 100 Viên,879,TRUE,1,FALSE,100,1,18269
1429,8,Viên,Chuyển đổi Viên sang 1xViên,3,TRUE,3,TRUE,1,8,18224
12881,1,Hộp,Chuyển đổi Hộp sang 6xỐng,49,TRUE,1,FALSE,6,1,25969
12706,1,Hộp,Chuyển đổi Hộp sang 30 Viên,898,TRUE,1,TRUE,30,1,25929
11731,1,Hộp,Chuyển đổi Hộp sang 100 Viên,879,TRUE,1,FALSE,100,1,25697
48,1,Hộp,Chuyển đổi Hộp sang 100 Viên,879,TRUE,1,FALSE,100,1,17857
25062,6,Chai,Chuyển đổi Chai sang 1 Chai,903,TRUE,1,TRUE,1,6,12047
25069,1,Hộp,Chuyển đổi Hộp sang 6xỐng,49,TRUE,1,FALSE,6,1,12008
18073,1,Hộp,Chuyển đổi Hộp sang 30 Viên,898,TRUE,1,FALSE,30,1,16894
19850,13,Vỉ,Chuyển đổi Vỉ sang 10 Viên,877,TRUE,2,FALSE,10,13,17763
15833,8,Viên,Chuyển đổi Viên sang 1xViên,3,TRUE,3,FALSE,1,8,16081
15597,8,Viên,Chuyển đổi Viên sang 1xViên,3,TRUE,3,FALSE,1,8,16029
27752,1,Hộp,Chuyển đổi Hộp sang 2xChiếc,498,TRUE,1,TRUE,2,1,10791
32148,5,Chiếc,Chuyển đổi Chiếc sang 1xChiếc,173,TRUE,1,TRUE,1,5,7862
29184,13,Vỉ,Chuyển đổi Vỉ sang 10 Viên,877,TRUE,2,FALSE,10,13,10009
31441,5,Chiếc,Chuyển đổi Chiếc sang 1xChiếc,173,TRUE,1,TRUE,1,5,7163
31406,5,Chiếc,Chuyển đổi Chiếc sang 1xChiếc,173,TRUE,1,TRUE,1,5,7198
16535,1,Hộp,Chuyển đổi Hộp sang 10xMiếng,170,TRUE,1,FALSE,10,1,16290
33533,5,Chiếc,Chuyển đổi Chiếc sang 1xChiếc,173,TRUE,1,TRUE,1,5,9219
16444,8,Viên,Chuyển đổi Viên sang 1xViên,3,TRUE,3,TRUE,1,8,16266
36223,13,Vỉ,Chuyển đổi Vỉ sang 10 Viên,877,TRUE,2,FALSE,10,13,4233
29209,1,Hộp,Chuyển đổi Hộp sang 50 Viên,839,TRUE,1,TRUE,50,1,9995
25677,1,Hộp,Chuyển đổi Hộp sang 10 Viên,784,TRUE,1,FALSE,10,1,11825
25927,1,Hộp,Chuyển đổi Hộp sang 80xViên,89,TRUE,1,FALSE,80,1,11714
41971,1003,Cây,Chuyển đổi Cây sang 1xCây,185,TRUE,3,TRUE,1,1003,1675
42117,1,Hộp,Chuyển đổi Hộp sang 10 Ống,805,TRUE,1,FALSE,10,1,1618
42163,1,Hộp,Chuyển đổi Hộp sang 100 Viên,879,TRUE,1,FALSE,100,1,1607
42210,1,Hộp,Chuyển đổi Hộp sang 25xCái,195,TRUE,1,TRUE,25,1,1653
42175,15,Ống,Chuyển đổi Ống sang 1xỐng,28,TRUE,3,TRUE,1,15,1603
42451,15,Ống,Chuyển đổi Ống sang 1xỐng,28,TRUE,3,FALSE,1,15,1506
42537,2,Tuýp,Chuyển đổi Tuýp sang 20xViên,111,TRUE,1,TRUE,20,2,1461
41128,8,Viên,Chuyển đổi Viên sang 1xViên,3,TRUE,3,TRUE,1,8,2094
41200,1,Hộp,Chuyển đổi Hộp sang 1 Viên,850,TRUE,1,FALSE,1,1,2077
37774,8,Viên,Chuyển đổi Viên sang 1xViên,3,TRUE,3,TRUE,1,8,3341
37873,8,Viên,Chuyển đổi Viên sang 1xViên,3,TRUE,3,FALSE,1,8,3397
44639,6,Chai,Chuyển đổi Chai sang 1 Chai,903,FALSE,3,FALSE,1,6,465
44096,4,Cái,Chuyển đổi Cái sang 1 Cái,790,TRUE,3,FALSE,1,4,733
37663,3,Miếng,Chuyển đổi Miếng sang 1xMiếng,75,TRUE,3,FALSE,1,3,3550
40694,6,Chai,Chuyển đổi Chai sang 1 Chai,903,TRUE,1,TRUE,1,6,2322
39957,8,Viên,Chuyển đổi Viên sang 1xViên,3,TRUE,3,TRUE,1,8,2599
36410,14,Gói,Chuyển đổi Gói sang 50xCái,541,TRUE,1,TRUE,50,14,4146
29537,1003,Cây,Chuyển đổi Cây sang 1xCây,185,TRUE,1,TRUE,1,1003,5475
29659,1003,Cây,Chuyển đổi Cây sang 1xCây,185,TRUE,1,TRUE,1,1003,5353
38439,1,Hộp,Chuyển đổi Hộp sang 30 Viên,898,TRUE,1,FALSE,30,1,3238
30267,5,Chiếc,Chuyển đổi Chiếc sang 1xChiếc,173,TRUE,1,TRUE,1,5,6157
30037,1003,Cây,Chuyển đổi Cây sang 1xCây,185,TRUE,1,TRUE,1,1003,5831
30015,1003,Cây,Chuyển đổi Cây sang 1xCây,185,TRUE,1,TRUE,1,1003,5853
37815,13,Vỉ,Chuyển đổi Vỉ sang 10 Viên,877,TRUE,2,FALSE,10,13,3418
38160,8,Viên,Chuyển đổi Viên sang 1xViên,3,TRUE,3,FALSE,1,8,3461
38088,8,Viên,Chuyển đổi Viên sang 1xViên,3,TRUE,3,FALSE,1,8,3488
30635,5,Chiếc,Chuyển đổi Chiếc sang 1xChiếc,173,TRUE,1,TRUE,1,5,6345
30151,5,Chiếc,Chuyển đổi Chiếc sang 1xChiếc,173,TRUE,1,TRUE,1,5,5973
30134,5,Chiếc,Chuyển đổi Chiếc sang 1xChiếc,173,TRUE,1,TRUE,1,5,5990
40475,13,Vỉ,Chuyển đổi Vỉ sang 10 Viên,877,TRUE,2,FALSE,10,13,2409
41717,8,Viên,Chuyển đổi Viên sang 1xViên,3,TRUE,3,TRUE,1,8,1879
41659,1,Hộp,Chuyển đổi Hộp sang 1 Hộp,905,TRUE,1,TRUE,1,1,1823
35567,13,Vỉ,Chuyển đổi Vỉ sang 25xViên,88,TRUE,2,FALSE,25,13,51
35571,1,Hộp,Chuyển đổi Hộp sang 30 Viên,898,TRUE,1,FALSE,30,1,50
40810,4,Cái,Chuyển đổi Cái sang 1 Cái,790,TRUE,1,TRUE,1,4,2240
40873,6,Chai,Chuyển đổi Chai sang 1 Chai,903,TRUE,1,TRUE,1,6,2228
41706,1,Hộp,Chuyển đổi Hộp sang 20 Viên,858,TRUE,1,TRUE,20,1,1760
42204,4,Cái,Chuyển đổi Cái sang 1 Cái,790,TRUE,3,FALSE,1,4,1656
34574,13,Vỉ,Chuyển đổi Vỉ sang 10 Viên,877,TRUE,2,FALSE,10,13,5032
27048,17,Thùng,Chuyển đổi Thùng sang 20xChai,197,TRUE,1,FALSE,20,17,11031
26702,13,Vỉ,Chuyển đổi Vỉ sang 5 Ống,853,TRUE,2,FALSE,5,13,11218
26576,8,Viên,Chuyển đổi Viên sang 1xViên,3,TRUE,3,TRUE,1,8,11296
34366,1,Hộp,Chuyển đổi Hộp sang 20 Viên,858,TRUE,1,FALSE,20,1,4971
34538,13,Vỉ,Chuyển đổi Vỉ sang 10 Viên,877,TRUE,2,FALSE,10,13,4881
34557,1003,Cây,Chuyển đổi Cây sang 1xCây,185,TRUE,1,TRUE,1,1003,4871
43310,8,Viên,Chuyển đổi Viên sang 1xViên,3,TRUE,3,FALSE,1,8,1110
42928,14,Gói,Chuyển đổi Gói sang 1xGói,6,TRUE,3,FALSE,1,14,1274
44486,1,Hộp,Chuyển đổi Hộp sang 10xGói,117,TRUE,1,TRUE,10,1,537
44453,1,Hộp,Chuyển đổi Hộp sang 10 Viên,784,TRUE,1,TRUE,10,1,561
37345,8,Viên,Chuyển đổi Viên sang 1xViên,3,TRUE,3,TRUE,1,8,3700
31262,5,Chiếc,Chuyển đổi Chiếc sang 1xChiếc,173,TRUE,1,TRUE,1,5,6789
32334,5,Chiếc,Chuyển đổi Chiếc sang 1xChiếc,173,TRUE,1,TRUE,1,5,8238
3937,1,Hộp,Chuyển đổi Hộp sang 100 Viên,879,TRUE,1,TRUE,100,1,23360
359,8,Viên,Chuyển đổi Viên sang 1xViên,3,TRUE,3,TRUE,1,8,17945
339,13,Vỉ,Chuyển đổi Vỉ sang 10 Viên,877,TRUE,2,FALSE,10,13,17939
6191,8,Viên,Chuyển đổi Viên sang 1xViên,3,TRUE,3,TRUE,1,8,19362
6076,13,Vỉ,Chuyển đổi Vỉ sang 10 Viên,877,TRUE,2,FALSE,10,13,19327
8384,13,Vỉ,Chuyển đổi Vỉ sang 7xViên,66,TRUE,2,FALSE,7,13,19886
67268,1,Hộp,Chuyển đổi Hộp sang 20 Ống,887,TRUE,1,TRUE,20,1,38887
67252,6,Chai,Chuyển đổi Chai sang 1 Chai,903,TRUE,3,FALSE,1,6,38880
6901,13,Vỉ,Chuyển đổi Vỉ sang 6xViên,36,TRUE,2,FALSE,6,13,19533
7326,1,Hộp,Chuyển đổi Hộp sang 30 Viên,898,TRUE,1,FALSE,30,1,19642
65914,1,Hộp,Chuyển đổi Hộp sang 30 Viên,898,TRUE,1,TRUE,30,1,38142
65928,1,Hộp,Chuyển đổi Hộp sang 30 Viên,898,TRUE,1,TRUE,30,1,38149
65874,1,Hộp,Chuyển đổi Hộp sang 1 Hộp,905,TRUE,1,TRUE,1,1,38120
65964,8,Viên,Chuyển đổi Viên sang 1xViên,3,TRUE,3,FALSE,1,8,38167
65311,1,Hộp,Chuyển đổi Hộp sang 60 Viên,897,TRUE,1,TRUE,60,1,37813
60534,1,Hộp,Chuyển đổi Hộp sang 1 Hộp,905,TRUE,1,TRUE,1,1,35242
4425,8,Viên,Chuyển đổi Viên sang 1xViên,3,TRUE,3,TRUE,1,8,18959
10131,13,Vỉ,Chuyển đổi Vỉ sang 12 Viên,804,TRUE,2,FALSE,12,13,20344
11177,8,Viên,Chuyển đổi Viên sang 1xViên,3,TRUE,3,TRUE,1,8,20589
11401,13,Vỉ,Chuyển đổi Vỉ sang 10 Viên,877,TRUE,2,FALSE,10,13,20636
11659,1,Hộp,Chuyển đổi Hộp sang 30 Viên,898,TRUE,1,TRUE,30,1,20686
74032,13,Vỉ,Chuyển đổi Vỉ sang 10 Viên,877,TRUE,2,FALSE,10,13,42360
72196,1,Hộp,Chuyển đổi Hộp sang 30 Gói,891,TRUE,1,TRUE,30,1,41413
72294,13,Vỉ,Chuyển đổi Vỉ sang 10 Viên,877,TRUE,2,FALSE,10,13,41465
73293,1,Hộp,Chuyển đổi Hộp sang 30 Viên,898,TRUE,1,FALSE,30,1,41984
72638,14,Gói,Chuyển đổi Gói sang 1xGói,6,TRUE,3,FALSE,1,14,41632
72619,8,Viên,Chuyển đổi Viên sang 1xViên,3,TRUE,3,FALSE,1,8,41621
1016,1,Hộp,Chuyển đổi Hộp sang 100 Viên,879,TRUE,1,TRUE,100,1,18123
6735,1,Hộp,Chuyển đổi Hộp sang 10 Viên,784,TRUE,1,FALSE,10,1,19491
63813,4,Cái,Chuyển đổi Cái sang 1 Cái,790,TRUE,1,TRUE,1,4,37005
3714,13,Vỉ,Chuyển đổi Vỉ sang 10 Viên,877,TRUE,2,FALSE,10,13,18772
4452,8,Viên,Chuyển đổi Viên sang 1xViên,3,TRUE,3,TRUE,1,8,18967
61451,1,Hộp,Chuyển đổi Hộp sang 28xGói,216,TRUE,1,TRUE,28,1,35717
63204,1,Hộp,Chuyển đổi Hộp sang 30 Viên,898,TRUE,1,TRUE,30,1,36698
63295,13,Vỉ,Chuyển đổi Vỉ sang 10 Viên,877,TRUE,2,FALSE,10,13,36748
64361,7,Lọ,Chuyển đổi Lọ sang 1 Lọ,860,TRUE,1,TRUE,1,7,37291
2263,8,Viên,Chuyển đổi Viên sang 1xViên,3,TRUE,3,TRUE,1,8,18409
13487,13,Vỉ,Chuyển đổi Vỉ sang 10 Viên,877,TRUE,2,FALSE,10,13,21001
14823,1,Hộp,Chuyển đổi Hộp sang 30 Viên,898,TRUE,1,FALSE,30,1,21196
14634,1,Hộp,Chuyển đổi Hộp sang 30 Viên,898,TRUE,1,TRUE,30,1,21526
1960,1,Hộp,Chuyển đổi Hộp sang 10 Viên,784,TRUE,1,FALSE,10,1,18347
70673,1,Hộp,Chuyển đổi Hộp sang 30 Viên,898,TRUE,1,TRUE,30,1,40609
70660,13,Vỉ,Chuyển đổi Vỉ sang 10 Viên,877,TRUE,2,FALSE,10,13,40603
9370,8,Viên,Chuyển đổi Viên sang 1xViên,3,TRUE,3,TRUE,1,8,20155
9698,1,Hộp,Chuyển đổi Hộp sang 100 Viên,879,TRUE,1,FALSE,100,1,20237
9081,1,Hộp,Chuyển đổi Hộp sang 30 Viên,898,TRUE,1,FALSE,30,1,20069
8869,13,Vỉ,Chuyển đổi Vỉ sang 10 Viên,877,TRUE,2,FALSE,10,13,20024
68294,1,Hộp,Chuyển đổi Hộp sang 200xViên,46,TRUE,1,FALSE,200,1,39400
68216,1,Hộp,Chuyển đổi Hộp sang 10 Ống,805,TRUE,1,TRUE,10,1,39368
68214,13,Vỉ,Chuyển đổi Vỉ sang 15 Viên,894,TRUE,2,FALSE,15,13,39367
67790,13,Vỉ,Chuyển đổi Vỉ sang 10 Viên,877,TRUE,2,FALSE,10,13,39149
9507,1,Hộp,Chuyển đổi Hộp sang 100 Viên,879,TRUE,1,FALSE,100,1,20189
8779,1,Hộp,Chuyển đổi Hộp sang 30 Viên,898,TRUE,1,FALSE,30,1,20000
76179,1,Hộp,Chuyển đổi Hộp sang 10 Viên,784,TRUE,1,TRUE,10,1,43474
76161,8,Viên,Chuyển đổi Viên sang 1xViên,3,TRUE,3,FALSE,1,8,43466
75089,1,Hộp,Chuyển đổi Hộp sang 1 Hộp,905,TRUE,1,TRUE,1,1,42887
52437,13,Vỉ,Chuyển đổi Vỉ sang 10 Viên,877,TRUE,2,FALSE,10,13,31028
19531,1,Hộp,Chuyển đổi Hộp sang 30 Gói,891,TRUE,1,TRUE,30,1,17586
58799,8,Viên,Chuyển đổi Viên sang 1xViên,3,TRUE,3,FALSE,1,8,34382
55176,1,Hộp,Chuyển đổi Hộp sang 1 Hộp,905,TRUE,1,TRUE,1,1,32453
55182,8,Viên,Chuyển đổi Viên sang 1xViên,3,TRUE,3,TRUE,1,8,32457
59821,7,Lọ,Chuyển đổi Lọ sang 20 Viên,841,TRUE,1,TRUE,20,7,34897
60852,1,Hộp,Chuyển đổi Hộp sang 30 Viên,898,TRUE,1,TRUE,30,1,35408
5621,8,Viên,Chuyển đổi Viên sang 1xViên,3,TRUE,3,TRUE,1,8,19231
15554,13,Vỉ,Chuyển đổi Vỉ sang 10 Viên,877,TRUE,2,FALSE,10,13,22121
13783,8,Viên,Chuyển đổi Viên sang 1xViên,3,TRUE,3,FALSE,1,8,22137
1209,1,Hộp,Chuyển đổi Hộp sang 1 Hộp,905,TRUE,1,TRUE,1,1,22615
642,7,Lọ,Chuyển đổi Lọ sang 1 Lọ,860,TRUE,1,TRUE,1,7,22413
825,8,Viên,Chuyển đổi Viên sang 1xViên,3,TRUE,3,TRUE,1,8,22478
55340,1,Hộp,Chuyển đổi Hộp sang 30 Viên,898,TRUE,1,TRUE,30,1,32534
55409,1,Hộp,Chuyển đổi Hộp sang 1 Hộp,905,TRUE,1,TRUE,1,1,32573
56391,1,Hộp,Chuyển đổi Hộp sang 15xTúi,252,TRUE,1,TRUE,15,1,33078
18190,13,Vỉ,Chuyển đổi Vỉ sang 10 Viên,877,TRUE,2,FALSE,10,13,16955
50622,1,Hộp,Chuyển đổi Hộp sang 30 Gói,891,TRUE,1,FALSE,30,1,30100
56045,8,Viên,Chuyển đổi Viên sang 1xViên,3,TRUE,3,TRUE,1,8,32900
56060,8,Viên,Chuyển đổi Viên sang 1xViên,3,TRUE,3,FALSE,1,8,32908
55926,8,Viên,Chuyển đổi Viên sang 1xViên,3,TRUE,3,FALSE,1,8,32833
56983,4,Cái,Chuyển đổi Cái sang 1 Cái,790,TRUE,1,TRUE,1,4,33391
49041,1,Hộp,Chuyển đổi Hộp sang 30 Viên,898,TRUE,1,TRUE,30,1,29301
47939,8,Viên,Chuyển đổi Viên sang 1xViên,3,TRUE,3,FALSE,1,8,28728
48596,8,Viên,Chuyển đổi Viên sang 1xViên,3,TRUE,3,FALSE,1,8,29084
49467,13,Vỉ,Chuyển đổi Vỉ sang 20xViên,12,TRUE,2,FALSE,20,13,29519
47584,13,Vỉ,Chuyển đổi Vỉ sang 10 Viên,877,TRUE,2,FALSE,10,13,28562
45391,1,Hộp,Chuyển đổi Hộp sang 100 Viên,879,TRUE,1,TRUE,100,1,27519
27490,1,Hộp,Chuyển đổi Hộp sang 20 Viên,858,TRUE,1,FALSE,20,1,27202
28487,1,Hộp,Chuyển đổi Hộp sang 60 Viên,897,TRUE,1,FALSE,60,1,27211
21610,13,Vỉ,Chuyển đổi Vỉ sang 6xViên,36,TRUE,2,FALSE,6,13,27066
20347,1,Hộp,Chuyển đổi Hộp sang 30 Viên,898,TRUE,1,TRUE,30,1,27028
17770,6,Chai,Chuyển đổi Chai sang 1 Chai,903,TRUE,1,TRUE,1,6,26941
13544,13,Vỉ,Chuyển đổi Vỉ sang 10 Viên,877,TRUE,2,FALSE,10,13,26127
13662,14,Gói,Chuyển đổi Gói sang 1xGói,6,TRUE,3,TRUE,1,14,26153
68458,13,Vỉ,Chuyển đổi Vỉ sang 6xViên,36,TRUE,2,FALSE,6,13,39494
67029,14,Gói,Chuyển đổi Gói sang 1xGói,6,TRUE,3,FALSE,1,14,38760
69649,1,Hộp,Chuyển đổi Hộp sang 30 Gói,891,TRUE,1,TRUE,30,1,40105
69111,1,Hộp,Chuyển đổi Hộp sang 1 Chai,814,TRUE,1,TRUE,1,1,39848
69146,13,Vỉ,Chuyển đổi Vỉ sang 10 Viên,877,TRUE,2,FALSE,10,13,39863
68077,1,Hộp,Chuyển đổi Hộp sang 60 Viên,897,TRUE,1,TRUE,60,1,39299
9994,1,Hộp,Chuyển đổi Hộp sang 10 Viên,784,TRUE,1,FALSE,10,1,25178
52365,1,Hộp,Chuyển đổi Hộp sang 20 Ống,887,TRUE,1,FALSE,20,1,30988
52076,1,Hộp,Chuyển đổi Hộp sang 1 Hộp,905,TRUE,1,TRUE,1,1,30843
50746,1,Hộp,Chuyển đổi Hộp sang 1 Hộp,905,TRUE,1,TRUE,1,1,30160
50915,1,Hộp,Chuyển đổi Hộp sang 20 Ống,887,TRUE,1,TRUE,20,1,30238
51316,1,Hộp,Chuyển đổi Hộp sang 30 Viên,898,TRUE,1,TRUE,30,1,30432
49982,1,Hộp,Chuyển đổi Hộp sang 30 Viên,898,TRUE,1,TRUE,30,1,29779
51162,1,Hộp,Chuyển đổi Hộp sang 1 Hộp,905,TRUE,1,TRUE,1,1,30356
47497,8,Viên,Chuyển đổi Viên sang 1xViên,3,TRUE,3,FALSE,1,8,28493
53317,8,Viên,Chuyển đổi Viên sang 1xViên,3,TRUE,3,TRUE,1,8,31505
53400,1,Hộp,Chuyển đổi Hộp sang 20 Ống,887,TRUE,1,TRUE,20,1,31550
53463,1,Hộp,Chuyển đổi Hộp sang 30 Gói,891,TRUE,1,TRUE,30,1,31582
54851,8,Viên,Chuyển đổi Viên sang 1xViên,3,TRUE,3,TRUE,1,8,32291
62574,13,Vỉ,Chuyển đổi Vỉ sang 6xViên,36,TRUE,2,FALSE,6,13,36321
62184,1,Hộp,Chuyển đổi Hộp sang 60 Viên,897,TRUE,1,TRUE,60,1,36129
63656,1,Hộp,Chuyển đổi Hộp sang 50 Cái,844,TRUE,1,TRUE,50,1,36925
63628,1,Hộp,Chuyển đổi Hộp sang 30 Viên,898,TRUE,1,TRUE,30,1,36913
64504,8,Viên,Chuyển đổi Viên sang 1xViên,3,TRUE,3,FALSE,1,8,37363
49782,1,Hộp,Chuyển đổi Hộp sang 30 Viên,898,TRUE,1,TRUE,30,1,29676
57633,1,Hộp,Chuyển đổi Hộp sang 20 Ống,887,TRUE,1,TRUE,20,1,33771
57179,1,Hộp,Chuyển đổi Hộp sang 30 Viên,898,TRUE,1,TRUE,30,1,33540
57867,8,Viên,Chuyển đổi Viên sang 1xViên,3,TRUE,3,FALSE,1,8,33882
58017,13,Vỉ,Chuyển đổi Vỉ sang 10 Viên,877,TRUE,2,FALSE,10,13,33961
58055,13,Vỉ,Chuyển đổi Vỉ sang 10 Viên,877,TRUE,2,FALSE,10,13,33978
58052,13,Vỉ,Chuyển đổi Vỉ sang 10 Viên,877,TRUE,2,FALSE,10,13,33977
58984,13,Vỉ,Chuyển đổi Vỉ sang 10 Viên,877,TRUE,2,FALSE,10,13,34480
57121,4,Cái,Chuyển đổi Cái sang 1 Cái,790,TRUE,1,TRUE,1,4,33510
58468,1,Hộp,Chuyển đổi Hộp sang 15xGói,119,TRUE,1,TRUE,15,1,34187
45220,1,Hộp,Chuyển đổi Hộp sang 30 Viên,898,TRUE,1,TRUE,30,1,27438
45346,8,Viên,Chuyển đổi Viên sang 1xViên,3,TRUE,3,FALSE,1,8,27498
66717,1,Hộp,Chuyển đổi Hộp sang 1 Lọ,892,TRUE,1,TRUE,1,1,38585
65785,1,Hộp,Chuyển đổi Hộp sang 30 Viên,898,TRUE,1,TRUE,30,1,38063
65716,15,Ống,Chuyển đổi Ống sang 1xỐng,28,TRUE,3,FALSE,1,15,38022
66510,7,Lọ,Chuyển đổi Lọ sang 1 Lọ,860,TRUE,3,TRUE,1,7,38485
66582,8,Viên,Chuyển đổi Viên sang 1xViên,3,TRUE,3,FALSE,1,8,38520
64913,8,Viên,Chuyển đổi Viên sang 1xViên,3,TRUE,3,FALSE,1,8,37590
66158,8,Viên,Chuyển đổi Viên sang 1xViên,3,TRUE,3,FALSE,1,8,38282
66844,4,Cái,Chuyển đổi Cái sang 1 Cái,790,TRUE,1,TRUE,1,4,38651
8300,13,Vỉ,Chuyển đổi Vỉ sang 10 Viên,877,TRUE,2,FALSE,10,13,24666
12270,8,Viên,Chuyển đổi Viên sang 1xViên,3,TRUE,3,TRUE,1,8,25828
62016,8,Viên,Chuyển đổi Viên sang 1xViên,3,TRUE,3,FALSE,1,8,36041
62013,8,Viên,Chuyển đổi Viên sang 1xViên,3,TRUE,3,FALSE,1,8,36040
60236,13,Vỉ,Chuyển đổi Vỉ sang 10 Viên,877,TRUE,2,FALSE,10,13,35098
60278,1,Hộp,Chuyển đổi Hộp sang 2xViên,122,TRUE,1,FALSE,2,1,35117
60280,8,Viên,Chuyển đổi Viên sang 1xViên,3,TRUE,3,TRUE,1,8,35117
61546,1,Hộp,Chuyển đổi Hộp sang 10xCái,259,TRUE,1,TRUE,10,1,35769
21466,1,Hộp,Chuyển đổi Hộp sang 30 Viên,898,TRUE,1,TRUE,30,1,13810
70239,8,Viên,Chuyển đổi Viên sang 1xViên,3,TRUE,3,FALSE,1,8,40389
74669,4,Cái,Chuyển đổi Cái sang 1 Cái,790,TRUE,1,TRUE,1,4,42681
70362,13,Vỉ,Chuyển đổi Vỉ sang 10 Viên,877,TRUE,2,FALSE,10,13,40453
70353,1,Hộp,Chuyển đổi Hộp sang 30 Viên,898,TRUE,1,TRUE,30,1,40449
75634,8,Viên,Chuyển đổi Viên sang 1xViên,3,TRUE,3,FALSE,1,8,43190
71758,1,Hộp,Chuyển đổi Hộp sang 1 Hộp,905,TRUE,1,TRUE,1,1,41186
70855,7,Lọ,Chuyển đổi Lọ sang 1 Lọ,860,TRUE,3,TRUE,1,7,40700
75372,1,Hộp,Chuyển đổi Hộp sang 100 Viên,879,TRUE,1,TRUE,100,1,43050
75413,14,Gói,Chuyển đổi Gói sang 1xGói,6,TRUE,3,FALSE,1,14,43070
71579,1,Hộp,Chuyển đổi Hộp sang 60 Viên,897,TRUE,1,TRUE,60,1,41092
36136,8,Viên,Chuyển đổi Viên sang 1xViên,3,FALSE,3,FALSE,1,8,4282
29375,6,Chai,Chuyển đổi Chai sang 1 Chai,903,TRUE,1,TRUE,1,6,9908
42632,8,Viên,Chuyển đổi Viên sang 1xViên,3,TRUE,3,FALSE,1,8,1421
69624,1,Hộp,Chuyển đổi Hộp sang 30 Ống,689,TRUE,1,FALSE,30,1,40095
45522,7,Lọ,Chuyển đổi Lọ sang 180xViên,337,FALSE,2,FALSE,180,7,27587
40081,1,Hộp,Chuyển đổi Hộp sang 90xViên,37,TRUE,1,TRUE,90,1,2560
36753,8,Viên,Chuyển đổi Viên sang 1xViên,3,FALSE,3,FALSE,1,8,3980
69823,1,Hộp,Chuyển đổi Hộp sang 20 Ống,887,TRUE,1,TRUE,20,1,40188
75555,8,Viên,Chuyển đổi Viên sang 1xViên,3,TRUE,3,FALSE,1,8,43134
75443,8,Viên,Chuyển đổi Viên sang 1xViên,3,TRUE,3,FALSE,1,8,43084
76222,1,Hộp,Chuyển đổi Hộp sang 10xGói,117,TRUE,1,TRUE,10,1,43499
72189,8,Viên,Chuyển đổi Viên sang 1xViên,3,TRUE,3,FALSE,1,8,41409
72095,1,Hộp,Chuyển đổi Hộp sang 60 Viên,897,TRUE,1,TRUE,60,1,41357
77289,1,Hộp,Chuyển đổi Hộp sang 50 Viên,839,TRUE,1,FALSE,50,1,44094
25161,8,Viên,Chuyển đổi Viên sang 1xViên,3,TRUE,3,FALSE,1,8,12011
14457,6,Chai,Chuyển đổi Chai sang 1 Chai,903,TRUE,3,TRUE,1,6,15723
51454,15,Ống,Chuyển đổi Ống sang 1xỐng,28,TRUE,3,FALSE,1,15,30508
46265,4,Cái,Chuyển đổi Cái sang 1 Cái,790,TRUE,3,FALSE,1,4,27864
5664,13,Vỉ,Chuyển đổi Vỉ sang 10 Viên,877,TRUE,2,FALSE,10,13,19242
13725,1,Hộp,Chuyển đổi Hộp sang 120xViên,86,TRUE,1,FALSE,120,1,21036
24399,14,Gói,Chuyển đổi Gói sang 1xGói,6,TRUE,3,FALSE,1,14,12387
18137,6,Chai,Chuyển đổi Chai sang 1 Chai,903,TRUE,3,TRUE,1,6,16925
21540,1,Hộp,Chuyển đổi Hộp sang 1 Hộp,905,TRUE,1,TRUE,1,1,13771
76785,13,Vỉ,Chuyển đổi Vỉ sang 10 Viên,877,TRUE,2,FALSE,10,13,43790
77505,8,Viên,Chuyển đổi Viên sang 1xViên,3,TRUE,3,TRUE,1,8,44213
77428,1015,kg,Chuyển đổi kg sang 1xkg,477,TRUE,3,TRUE,1,1015,44178
63526,21,Túi,Chuyển đổi Túi sang 1 Túi,902,TRUE,1,TRUE,1,21,36862
75530,8,Viên,Chuyển đổi Viên sang 1xViên,3,TRUE,3,TRUE,1,8,43123
73030,8,Viên,Chuyển đổi Viên sang 1xViên,3,TRUE,3,TRUE,1,8,41853
78341,1,Hộp,Chuyển đổi Hộp sang 100 Viên,879,TRUE,1,FALSE,100,1,44641
45058,8,Viên,Chuyển đổi Viên sang 1xViên,3,FALSE,3,FALSE,1,8,27347
54319,13,Vỉ,Chuyển đổi Vỉ sang 15 Viên,894,FALSE,2,FALSE,15,13,32011
59711,4,Cái,Chuyển đổi Cái sang 1 Cái,790,FALSE,3,FALSE,1,4,34843
59402,1,Hộp,Chuyển đổi Hộp sang 100 Viên,879,TRUE,1,TRUE,100,1,34697
73803,8,Viên,Chuyển đổi Viên sang 1xViên,3,TRUE,3,TRUE,1,8,42246
79522,1011,Bộ,Chuyển đổi Bộ sang 1xBộ,482,TRUE,1,TRUE,1,1011,45377
45036,1,Hộp,Chuyển đổi Hộp sang 30 Viên,898,TRUE,1,TRUE,30,1,27335
73810,1,Hộp,Chuyển đổi Hộp sang 1 Hộp,905,TRUE,1,TRUE,1,1,42250
80357,13,Vỉ,Chuyển đổi Vỉ sang 10 Viên,877,TRUE,2,FALSE,10,13,45875
5388,1,Hộp,Chuyển đổi Hộp sang 30 Viên,898,TRUE,1,TRUE,30,1,21626
75087,8,Viên,Chuyển đổi Viên sang 1xViên,3,TRUE,3,FALSE,1,8,42885
73486,1,Hộp,Chuyển đổi Hộp sang 200xViên,46,TRUE,1,TRUE,200,1,42089
14254,2,Tuýp,Chuyển đổi Tuýp sang 1 Tuýp,889,TRUE,1,TRUE,1,2,15700
5275,1,Hộp,Chuyển đổi Hộp sang 30 Viên,898,TRUE,1,FALSE,30,1,19153
63387,8,Viên,Chuyển đổi Viên sang 1xViên,3,TRUE,3,FALSE,1,8,36794
38842,13,Vỉ,Chuyển đổi Vỉ sang 10 Viên,877,TRUE,2,FALSE,10,13,3062
39166,1004,Liều,Chuyển đổi Liều sang 1xLiều,116,TRUE,1,TRUE,1,1004,2916
27278,1,Hộp,Chuyển đổi Hộp sang 8xGói,435,TRUE,1,TRUE,8,1,10918
70138,8,Viên,Chuyển đổi Viên sang 1xViên,3,FALSE,3,FALSE,1,8,40338
74849,1,Hộp,Chuyển đổi Hộp sang 1 Hộp,905,TRUE,1,TRUE,1,1,42777
57244,8,Viên,Chuyển đổi Viên sang 1xViên,3,TRUE,3,FALSE,1,8,33571
49193,8,Viên,Chuyển đổi Viên sang 1xViên,3,FALSE,3,FALSE,1,8,29375
26538,1,Hộp,Chuyển đổi Hộp sang 100 Viên,879,TRUE,1,FALSE,100,1,11309
24072,1,Hộp,Chuyển đổi Hộp sang 100 Viên,879,TRUE,1,FALSE,100,1,12539
76025,13,Vỉ,Chuyển đổi Vỉ sang 10 Viên,877,TRUE,2,FALSE,10,13,43395
74402,13,Vỉ,Chuyển đổi Vỉ sang 10 Viên,877,TRUE,2,FALSE,10,13,42543
58937,1,Hộp,Chuyển đổi Hộp sang 1 Hộp,905,TRUE,1,TRUE,1,1,34455
36278,13,Vỉ,Chuyển đổi Vỉ sang 10 Viên,877,TRUE,2,FALSE,10,13,4206
1802,8,Viên,Chuyển đổi Viên sang 1xViên,3,TRUE,3,TRUE,1,8,18305
77640,1,Hộp,Chuyển đổi Hộp sang 1 Hộp,905,TRUE,1,TRUE,1,1,44296
51047,1,Hộp,Chuyển đổi Hộp sang 30 Viên,898,TRUE,1,FALSE,30,1,30296
25111,8,Viên,Chuyển đổi Viên sang 1xViên,3,TRUE,3,TRUE,1,8,12069
53656,1,Hộp,Chuyển đổi Hộp sang 1 Hộp,905,TRUE,1,TRUE,1,1,31681
10406,13,Vỉ,Chuyển đổi Vỉ sang 10 Viên,877,TRUE,2,FALSE,10,13,20417
22776,4,Cái,Chuyển đổi Cái sang 1 Cái,790,TRUE,1,TRUE,1,4,13160
32095,5,Chiếc,Chuyển đổi Chiếc sang 1xChiếc,173,TRUE,1,TRUE,1,5,7921
32083,5,Chiếc,Chuyển đổi Chiếc sang 1xChiếc,173,TRUE,1,TRUE,1,5,7933
33455,5,Chiếc,Chuyển đổi Chiếc sang 1xChiếc,173,TRUE,1,TRUE,1,5,9297
17107,13,Vỉ,Chuyển đổi Vỉ sang 10 Viên,877,TRUE,2,FALSE,10,13,16481
17113,11,Dây,Chuyển đổi Dây sang 1xDây,147,TRUE,3,FALSE,1,11,16483
48952,1023,Cục,Chuyển đổi Cục sang 1xCục,545,TRUE,3,FALSE,1,1023,29257
48989,1,Hộp,Chuyển đổi Hộp sang 1 Hộp,905,TRUE,1,TRUE,1,1,29273
50043,13,Vỉ,Chuyển đổi Vỉ sang 5 Ống,853,TRUE,2,FALSE,5,13,29810
50078,1,Hộp,Chuyển đổi Hộp sang 1 Hộp,905,TRUE,1,TRUE,1,1,29825
16765,1,Hộp,Chuyển đổi Hộp sang 100 Viên,879,TRUE,1,FALSE,100,1,16349
42771,8,Viên,Chuyển đổi Viên sang 1xViên,3,TRUE,3,FALSE,1,8,27310
45140,1,Hộp,Chuyển đổi Hộp sang 60 Viên,897,TRUE,1,TRUE,60,1,27393
5110,8,Viên,Chuyển đổi Viên sang 1xViên,3,TRUE,3,TRUE,1,8,14960
5414,2,Tuýp,Chuyển đổi Tuýp sang 1 Tuýp,889,TRUE,3,TRUE,1,2,14979
21986,1,Hộp,Chuyển đổi Hộp sang 10 Viên,784,TRUE,1,TRUE,10,1,13554
12914,1,Hộp,Chuyển đổi Hộp sang 20 Ống,887,TRUE,1,TRUE,20,1,20908
22615,8,Viên,Chuyển đổi Viên sang 1xViên,3,TRUE,3,TRUE,1,8,13247
22633,1,Hộp,Chuyển đổi Hộp sang 30 Viên,898,TRUE,1,FALSE,30,1,13234
21885,1,Hộp,Chuyển đổi Hộp sang 30 Viên,898,TRUE,1,TRUE,30,1,13608
24307,6,Chai,Chuyển đổi Chai sang 1 Chai,903,TRUE,1,TRUE,1,6,12431
24213,13,Vỉ,Chuyển đổi Vỉ sang 5 Ống,853,TRUE,2,FALSE,5,13,12475
24214,1,Hộp,Chuyển đổi Hộp sang 20 Ống,887,TRUE,1,FALSE,20,1,12475
24225,13,Vỉ,Chuyển đổi Vỉ sang 10 Viên,877,TRUE,2,FALSE,10,13,12472
20071,13,Vỉ,Chuyển đổi Vỉ sang 10 Viên,877,TRUE,2,FALSE,10,13,14568
31708,5,Chiếc,Chuyển đổi Chiếc sang 1xChiếc,173,TRUE,1,TRUE,1,5,7452
22165,8,Viên,Chuyển đổi Viên sang 1xViên,3,TRUE,3,FALSE,1,8,13464
32478,5,Chiếc,Chuyển đổi Chiếc sang 1xChiếc,173,TRUE,1,TRUE,1,5,8058
20861,6,Chai,Chuyển đổi Chai sang 1 Chai,903,TRUE,1,TRUE,1,6,14152
32146,5,Chiếc,Chuyển đổi Chiếc sang 1xChiếc,173,TRUE,1,TRUE,1,5,7866
30994,5,Chiếc,Chuyển đổi Chiếc sang 1xChiếc,173,TRUE,1,TRUE,1,5,6814
32387,5,Chiếc,Chuyển đổi Chiếc sang 1xChiếc,173,TRUE,1,TRUE,1,5,8185
32597,5,Chiếc,Chuyển đổi Chiếc sang 1xChiếc,173,TRUE,1,TRUE,1,5,8531
7948,1,Hộp,Chuyển đổi Hộp sang 100 Viên,879,TRUE,1,FALSE,100,1,15176
8105,13,Vỉ,Chuyển đổi Vỉ sang 2xViên,121,TRUE,2,FALSE,2,13,15193
7717,1,Hộp,Chuyển đổi Hộp sang 30 Viên,898,TRUE,1,TRUE,30,1,24495
1843,14,Gói,Chuyển đổi Gói sang 1xGói,6,TRUE,3,TRUE,1,14,22799
4444,1,Hộp,Chuyển đổi Hộp sang 100 Viên,879,TRUE,1,FALSE,100,1,23517
45808,8,Viên,Chuyển đổi Viên sang 1xViên,3,TRUE,3,FALSE,1,8,17843
169,1,Hộp,Chuyển đổi Hộp sang 30 Viên,898,TRUE,1,FALSE,30,1,17889
19935,6,Chai,Chuyển đổi Chai sang 1 Chai,903,TRUE,3,FALSE,1,6,17809
19968,1,Hộp,Chuyển đổi Hộp sang 1 Hộp,905,TRUE,1,TRUE,1,1,17826
26218,1,Hộp,Chuyển đổi Hộp sang 60 Viên,897,TRUE,1,FALSE,60,1,11468
785,13,Vỉ,Chuyển đổi Vỉ sang 10 Viên,877,TRUE,2,FALSE,10,13,18054
24162,1,Hộp,Chuyển đổi Hộp sang 36xViên,150,TRUE,1,TRUE,36,1,12504
24151,1,Hộp,Chuyển đổi Hộp sang 10 Viên,784,TRUE,1,FALSE,10,1,12509
23386,1,Hộp,Chuyển đổi Hộp sang 30 Viên,898,TRUE,1,TRUE,30,1,12841
23208,4,Cái,Chuyển đổi Cái sang 1 Cái,790,TRUE,1,TRUE,1,4,12926
23170,15,Ống,Chuyển đổi Ống sang 1xỐng,28,TRUE,3,FALSE,1,15,12953
23697,15,Ống,Chuyển đổi Ống sang 1xỐng,28,TRUE,3,FALSE,1,15,12696
31573,5,Chiếc,Chuyển đổi Chiếc sang 1xChiếc,173,TRUE,1,TRUE,1,5,7300
30476,5,Chiếc,Chuyển đổi Chiếc sang 1xChiếc,173,TRUE,1,TRUE,1,5,6204
28139,1,Hộp,Chuyển đổi Hộp sang 1 Hộp,905,TRUE,1,TRUE,1,1,10497
28338,1,Hộp,Chuyển đổi Hộp sang 4xViên,21,TRUE,1,FALSE,4,1,10419
24826,1,Hộp,Chuyển đổi Hộp sang 1 Hộp,905,TRUE,1,TRUE,1,1,12200
32516,5,Chiếc,Chuyển đổi Chiếc sang 1xChiếc,173,TRUE,1,TRUE,1,5,8327
32765,5,Chiếc,Chuyển đổi Chiếc sang 1xChiếc,173,TRUE,1,TRUE,1,5,8340
32497,5,Chiếc,Chuyển đổi Chiếc sang 1xChiếc,173,TRUE,1,TRUE,1,5,8365
28815,1,Hộp,Chuyển đổi Hộp sang 60 Viên,897,TRUE,1,TRUE,60,1,10188
24646,1,Hộp,Chuyển đổi Hộp sang 60 Viên,897,TRUE,1,TRUE,60,1,12281
3875,1,Hộp,Chuyển đổi Hộp sang 30 Viên,898,TRUE,1,FALSE,30,1,18808
7635,1,Hộp,Chuyển đổi Hộp sang 20 Viên,858,TRUE,1,FALSE,20,1,19715
7817,1,Hộp,Chuyển đổi Hộp sang 4xViên,21,TRUE,1,FALSE,4,1,19755
11165,1,Hộp,Chuyển đổi Hộp sang 100 Viên,879,TRUE,1,TRUE,100,1,15370
8580,13,Vỉ,Chuyển đổi Vỉ sang 15 Viên,894,TRUE,2,FALSE,15,13,15223
8357,1,Hộp,Chuyển đổi Hộp sang 14xGói,92,TRUE,1,TRUE,14,1,15211
8562,1,Hộp,Chuyển đổi Hộp sang 1 Hộp,905,TRUE,1,TRUE,1,1,15221
9565,1,Hộp,Chuyển đổi Hộp sang 1 Viên,850,TRUE,1,FALSE,1,1,25049
413,7,Lọ,Chuyển đổi Lọ sang 1 Lọ,860,TRUE,1,TRUE,1,7,22360
2236,13,Vỉ,Chuyển đổi Vỉ sang 5 Viên,785,TRUE,2,FALSE,5,13,14748
20453,1,Hộp,Chuyển đổi Hộp sang 24 Viên,803,TRUE,1,TRUE,24,1,14348
11652,1,Hộp,Chuyển đổi Hộp sang 1 Hộp,905,TRUE,1,TRUE,1,1,15407
15243,1,Hộp,Chuyển đổi Hộp sang 30 Viên,898,TRUE,1,FALSE,30,1,26456
13333,1,Hộp,Chuyển đổi Hộp sang 2xViên,122,TRUE,1,FALSE,2,1,26064
13360,7,Lọ,Chuyển đổi Lọ sang 1 Lọ,860,TRUE,1,TRUE,1,7,26072
28958,8,Viên,Chuyển đổi Viên sang 1xViên,3,TRUE,3,TRUE,1,8,10124
24997,1,Hộp,Chuyển đổi Hộp sang 14xViên,60,TRUE,1,FALSE,14,1,12031
19883,4,Cái,Chuyển đổi Cái sang 1 Cái,790,TRUE,1,TRUE,1,4,17782
15731,13,Vỉ,Chuyển đổi Vỉ sang 10 Viên,877,TRUE,2,FALSE,10,13,16058
28571,1,Hộp,Chuyển đổi Hộp sang 30 Viên,898,TRUE,1,FALSE,30,1,10301
33025,5,Chiếc,Chuyển đổi Chiếc sang 1xChiếc,173,TRUE,1,TRUE,1,5,8630
14006,17,Thùng,Chuyển đổi Thùng sang 24xChai,241,TRUE,1,FALSE,24,17,15665
18859,8,Viên,Chuyển đổi Viên sang 1xViên,3,TRUE,3,FALSE,1,8,17257
33760,5,Chiếc,Chuyển đổi Chiếc sang 1xChiếc,173,TRUE,1,TRUE,1,5,9548
35467,4,Cái,Chuyển đổi Cái sang 1 Cái,790,TRUE,1,TRUE,1,4,4764
35409,13,Vỉ,Chuyển đổi Vỉ sang 15 Viên,894,TRUE,2,FALSE,15,13,4790
27970,13,Vỉ,Chuyển đổi Vỉ sang 4xViên,20,TRUE,2,FALSE,4,13,10581
28074,8,Viên,Chuyển đổi Viên sang 1xViên,3,FALSE,3,FALSE,1,8,10528
36165,1005,DVT,Chuyển đổi DVT sang 1xDVT,389,TRUE,1,TRUE,1,1005,4265
35188,8,Viên,Chuyển đổi Viên sang 1xViên,3,TRUE,3,TRUE,1,8,4592
29304,1,Hộp,Chuyển đổi Hộp sang 20 Viên,858,TRUE,1,TRUE,20,1,9949
25692,1,Hộp,Chuyển đổi Hộp sang 30 Viên,898,TRUE,1,FALSE,30,1,11822
25597,8,Viên,Chuyển đổi Viên sang 1xViên,3,TRUE,3,TRUE,1,8,11872
25066,8,Viên,Chuyển đổi Viên sang 1xViên,3,TRUE,3,FALSE,1,8,11855
41149,13,Vỉ,Chuyển đổi Vỉ sang 10 Viên,877,TRUE,2,FALSE,10,13,2119
42848,13,Vỉ,Chuyển đổi Vỉ sang 10 Viên,877,TRUE,2,FALSE,10,13,1315
43897,1,Hộp,Chuyển đổi Hộp sang 10 Viên,784,TRUE,1,FALSE,10,1,775
40618,13,Vỉ,Chuyển đổi Vỉ sang 10 Viên,877,TRUE,2,FALSE,10,13,2364
37293,1,Hộp,Chuyển đổi Hộp sang 10 Viên,784,TRUE,1,TRUE,10,1,3719
40728,1,Hộp,Chuyển đổi Hộp sang 1 Hộp,905,TRUE,1,TRUE,1,1,2302
40048,8,Viên,Chuyển đổi Viên sang 1xViên,3,TRUE,3,TRUE,1,8,2571
36336,1,Hộp,Chuyển đổi Hộp sang 20 Viên,858,TRUE,1,TRUE,20,1,4176
35923,2,Tuýp,Chuyển đổi Tuýp sang 1 Tuýp,889,TRUE,1,TRUE,1,2,4426
34118,1,Hộp,Chuyển đổi Hộp sang 10xGói,117,TRUE,1,TRUE,10,1,5211
39591,1,Hộp,Chuyển đổi Hộp sang 100 Viên,879,TRUE,1,FALSE,100,1,2758
38776,2,Tuýp,Chuyển đổi Tuýp sang 1 Tuýp,889,TRUE,1,TRUE,1,2,3091
29642,1003,Cây,Chuyển đổi Cây sang 1xCây,185,TRUE,1,TRUE,1,1003,5370
38432,13,Vỉ,Chuyển đổi Vỉ sang 10 Viên,877,TRUE,2,FALSE,10,13,3240
38579,1,Hộp,Chuyển đổi Hộp sang 1 Chai,814,TRUE,1,TRUE,1,1,3174
37787,8,Viên,Chuyển đổi Viên sang 1xViên,3,TRUE,3,FALSE,1,8,3426
30190,5,Chiếc,Chuyển đổi Chiếc sang 1xChiếc,173,TRUE,1,TRUE,1,5,5934
40349,13,Vỉ,Chuyển đổi Vỉ sang 10 Viên,877,TRUE,2,FALSE,10,13,2456
41636,6,Chai,Chuyển đổi Chai sang 1 Chai,903,TRUE,1,TRUE,1,6,1881
41823,1,Hộp,Chuyển đổi Hộp sang 30 Viên,898,TRUE,1,FALSE,30,1,1838
41883,1,Hộp,Chuyển đổi Hộp sang 1 Chai,814,TRUE,1,TRUE,1,1,1854
41740,13,Vỉ,Chuyển đổi Vỉ sang 10 Viên,877,TRUE,2,FALSE,10,13,1843
40449,8,Viên,Chuyển đổi Viên sang 1xViên,3,TRUE,3,TRUE,1,8,2419
41785,13,Vỉ,Chuyển đổi Vỉ sang 10 Viên,877,TRUE,2,FALSE,10,13,1874
24265,13,Vỉ,Chuyển đổi Vỉ sang 100xViên,348,TRUE,2,FALSE,100,13,150
29094,15,Ống,Chuyển đổi Ống sang 1xỐng,28,TRUE,3,FALSE,1,15,110
18499,17,Thùng,Chuyển đổi Thùng sang 48xGói,391,TRUE,1,FALSE,48,17,166
36050,1,Hộp,Chuyển đổi Hộp sang 1xCuộn,257,TRUE,1,TRUE,1,1,21
41941,6,Chai,Chuyển đổi Chai sang 1 Chai,903,TRUE,1,TRUE,1,6,1709
43414,1,Hộp,Chuyển đổi Hộp sang 36xViên,150,TRUE,1,FALSE,36,1,1063
34827,14,Gói,Chuyển đổi Gói sang 1xGói,6,TRUE,1,TRUE,1,14,5042
27030,1,Hộp,Chuyển đổi Hộp sang 20 Ống,887,TRUE,1,TRUE,20,1,11052
34160,1,Hộp,Chuyển đổi Hộp sang 1000xViên,64,TRUE,1,FALSE,1000,1,5193
34656,13,Vỉ,Chuyển đổi Vỉ sang 10 Viên,877,TRUE,2,FALSE,10,13,4996
27309,6,Chai,Chuyển đổi Chai sang 1 Chai,903,TRUE,1,TRUE,1,6,10901
27235,1,Hộp,Chuyển đổi Hộp sang 100 Viên,879,TRUE,1,FALSE,100,1,10939
29748,1003,Cây,Chuyển đổi Cây sang 1xCây,185,TRUE,1,TRUE,1,1003,5558
26518,8,Viên,Chuyển đổi Viên sang 1xViên,3,TRUE,3,TRUE,1,8,11318
44875,13,Vỉ,Chuyển đổi Vỉ sang 10 Viên,877,TRUE,2,FALSE,10,13,323
44881,1,Hộp,Chuyển đổi Hộp sang 10 Viên,784,TRUE,1,FALSE,10,1,345
43994,13,Vỉ,Chuyển đổi Vỉ sang 10 Viên,877,TRUE,2,FALSE,10,13,839
43250,8,Viên,Chuyển đổi Viên sang 1xViên,3,TRUE,3,FALSE,1,8,1140
43362,8,Viên,Chuyển đổi Viên sang 1xViên,3,TRUE,3,TRUE,1,8,1079
38812,1,Hộp,Chuyển đổi Hộp sang 20 Viên,858,TRUE,1,FALSE,20,1,201
43514,2,Tuýp,Chuyển đổi Tuýp sang 20xViên,111,TRUE,1,TRUE,20,2,1016
44392,1,Hộp,Chuyển đổi Hộp sang 100 Viên,879,TRUE,1,TRUE,100,1,597
44206,4,Cái,Chuyển đổi Cái sang 1 Cái,790,TRUE,1,TRUE,1,4,684
44310,1,Hộp,Chuyển đổi Hộp sang 1 Chai,814,TRUE,1,TRUE,1,1,626
36680,1,Hộp,Chuyển đổi Hộp sang 100 Viên,879,TRUE,1,TRUE,100,1,4018
37438,8,Viên,Chuyển đổi Viên sang 1xViên,3,TRUE,3,TRUE,1,8,3660
36709,8,Viên,Chuyển đổi Viên sang 1xViên,3,TRUE,3,FALSE,1,8,3999
32804,5,Chiếc,Chuyển đổi Chiếc sang 1xChiếc,173,TRUE,1,TRUE,1,5,8878
37370,1,Hộp,Chuyển đổi Hộp sang 100 Viên,879,TRUE,1,FALSE,100,1,3680
33121,5,Chiếc,Chuyển đổi Chiếc sang 1xChiếc,173,TRUE,1,TRUE,1,5,9085
32294,5,Chiếc,Chuyển đổi Chiếc sang 1xChiếc,173,TRUE,1,TRUE,1,5,8278
32539,5,Chiếc,Chuyển đổi Chiếc sang 1xChiếc,173,TRUE,1,TRUE,1,5,8289
54243,14,Gói,Chuyển đổi Gói sang 1xGói,6,TRUE,3,FALSE,1,14,31975
445,13,Vỉ,Chuyển đổi Vỉ sang 10 Viên,877,TRUE,2,FALSE,10,13,17965
543,8,Viên,Chuyển đổi Viên sang 1xViên,3,TRUE,3,TRUE,1,8,17996
6341,8,Viên,Chuyển đổi Viên sang 1xViên,3,TRUE,3,TRUE,1,8,19396
8091,8,Viên,Chuyển đổi Viên sang 1xViên,3,TRUE,3,TRUE,1,8,19811
8348,15,Ống,Chuyển đổi Ống sang 1xỐng,28,TRUE,3,FALSE,1,15,19875
