id,name,headline,score,is_show_badge,score_badge,is_show_info,description,slug,pim_id,short_description,created_at,updated_at,created_by_id,updated_by_id
1,3D,,0,FALSE,0,TRUE,,hinh-dang-san-pham/3d,,,59:13.0,56:17.7,,
2,N95,,0,FALSE,0,TRUE,,hinh-dang-san-pham/n95,,,59:13.0,56:17.7,,
3,3 lớp,,0,FALSE,0,TRUE,,hinh-dang-san-pham/3-lop,,,59:13.0,56:17.7,,
4,4 lớp,,0,FALSE,0,TRUE,,hinh-dang-san-pham/4-lop,,,59:13.1,56:17.7,,
5,2 lớp,,0,FALSE,0,TRUE,,hinh-dang-san-pham/2-lop,,,59:13.1,56:17.7,,
6,4D,,0,FALSE,0,TRUE,,hinh-dang-san-pham/4d,,,59:13.1,56:15.0,,
7,Băng keo y tế,,0,FALSE,0,TRUE,,hinh-dang-san-pham/bang-keo-y-te,,,59:13.1,56:15.0,,
8,Men vi sinh,,0,FALSE,0,TRUE,,hinh-dang-san-pham/men-vi-sinh,,,59:13.2,56:13.5,,
9,Tinh dầu xông,,0,FALSE,0,TRUE,,hinh-dang-san-pham/tinh-dau-xong,,,59:13.2,56:13.5,,
10,7 lớp,,0,FALSE,0,TRUE,,hinh-dang-san-pham/7-lop,,,59:13.2,56:13.5,,
11,Đường ăn kiêng,,0,FALSE,0,TRUE,,hinh-dang-san-pham/duong-an-kieng,,,59:13.2,56:14.9,,
12,Băng cá nhân,,0,FALSE,0,TRUE,,hinh-dang-san-pham/bang-ca-nhan,,,59:13.3,56:15.0,,
13,Gạc y tế,,0,FALSE,0,TRUE,,hinh-dang-san-pham/gac-y-te,,,59:13.3,56:15.0,,
14,,,0,FALSE,0,FALSE,,tinh-nang-dac-biet/phuc-thinh,,,59:13.3,59:13.3,,
15,Tạo xương,,0,FALSE,0,TRUE,,tinh-nang-dac-biet/tao-xuong,,,59:13.3,56:16.6,,
16,Trị gàu,,0,FALSE,0,TRUE,,tinh-nang-dac-biet/tri-gau,,,59:13.3,56:13.5,,
17,Giảm thâm vùng mắt,,0,FALSE,0,TRUE,,tinh-nang-dac-biet/giam-tham-vung-mat,,,59:13.4,56:13.5,,
18,Bổ sung Vitamin C,,0,FALSE,0,TRUE,,tinh-nang-dac-biet/bo-sung-vitamin-c,,,59:13.4,56:17.3,,
19,Tăng sức đề kháng,,0,FALSE,0,TRUE,,tinh-nang-dac-biet/tang-suc-de-khang,,,59:13.4,56:17.3,,
20,Gây tê,,0,FALSE,0,TRUE,,tinh-nang-dac-biet/gay-te,,,59:13.4,56:17.7,,
21,Tăng trương lực thần kinh đối giao cảm,,0,FALSE,0,TRUE,,tinh-nang-dac-biet/tang-truong-luc-than-kinh-doi-giao-cam,,,59:13.5,56:17.7,,
22,Bổ sung chất điện giải,,0,FALSE,0,TRUE,,tinh-nang-dac-biet/bo-sung-chat-dien-giai,,,59:13.5,56:17.7,,
23,Tăng khả năng nhận thức,,0,FALSE,0,TRUE,,tinh-nang-dac-biet/tang-kha-nang-nhan-thuc,,,59:13.5,56:17.7,,
24,Hỗ trợ cai thuốc lá,,0,FALSE,0,TRUE,,tinh-nang-dac-biet/ho-tro-cai-thuoc-la,,,59:13.5,56:17.7,,
25,Kháng khuẩn,,0,FALSE,0,TRUE,,tinh-nang-dac-biet/khang-khuan,,,59:13.6,56:17.7,,
26,Không gây dị ứng,,0,FALSE,0,TRUE,,tinh-nang-dac-biet/khong-gay-di-ung,,,59:13.6,56:17.7,,
27,Không mùi,,0,FALSE,0,TRUE,,tinh-nang-dac-biet/khong-mui,,,59:13.6,56:17.9,,
28,Dành cho ăn chay,,0,FALSE,0,TRUE,,tinh-nang-dac-biet/danh-cho-an-chay,,,59:13.6,56:17.7,,
29,Không chất bảo quản,,0,FALSE,0,TRUE,,tinh-nang-dac-biet/khong-chat-bao-quan,,,59:13.7,56:17.7,,
30,Không hương nhân tạo,,0,FALSE,0,TRUE,,tinh-nang-dac-biet/khong-huong-nhan-tao,,,59:13.7,56:17.7,,
31,Không màu nhân tạo,,0,TRUE,0,TRUE,,tinh-nang-dac-biet/khong-mau-nhan-tao,,,59:13.7,56:17.9,,
32,Không chứa Lactose,,0,FALSE,0,TRUE,,tinh-nang-dac-biet/khong-chua-lactose,,,59:13.7,56:17.7,,
33,Không chứa Gluten,,0,FALSE,0,TRUE,,tinh-nang-dac-biet/khong-chua-gluten,,,59:13.8,56:17.7,,
34,Tránh thai,,0,FALSE,0,TRUE,,tinh-nang-dac-biet/tranh-thai,,,59:13.8,56:17.3,,
35,Không Cafein,,0,FALSE,0,TRUE,,tinh-nang-dac-biet/khong-cafein,,,59:13.8,56:17.7,,
36,Liệu pháp thay thế Hormone,,0,FALSE,0,TRUE,,tinh-nang-dac-biet/lieu-phap-thay-the-hormone,,,59:13.8,56:17.3,,
37,Lọc vi khuẩn,,0,FALSE,0,TRUE,,tinh-nang-dac-biet/loc-vi-khuan,,,59:13.8,56:17.7,,
38,Lọc bụi mịn,,0,FALSE,0,TRUE,,tinh-nang-dac-biet/loc-bui-min,,,59:13.9,56:17.7,,
39,Giảm mẫn ngứa ngoài da,,0,FALSE,0,TRUE,,tinh-nang-dac-biet/giam-man-ngua-ngoai-da,,,59:13.9,56:18.7,,
40,Giảm mụn trứng cá,,0,FALSE,0,TRUE,,tinh-nang-dac-biet/giam-mun-trung-ca,,,59:13.9,56:19.0,,
41,Không kích ứng da,,0,TRUE,0,TRUE,,tinh-nang-dac-biet/khong-kich-ung-da,,,59:13.9,56:19.2,,
42,Người tiểu đường,,0,FALSE,0,TRUE,,tinh-nang-dac-biet/nguoi-tieu-duong,,,59:13.9,56:19.0,,
43,Dưỡng trắng da,,35,FALSE,35,TRUE,,tinh-nang-dac-biet/duong-trang-da,,,59:14.0,56:21.9,,
44,,,0,FALSE,0,FALSE,,tinh-nang-dac-biet/tieu-dom-loang-chat-nhay,,,59:14.0,59:14.0,,
45,Kháng nấm,,0,FALSE,0,TRUE,,tinh-nang-dac-biet/khang-nam,,,59:14.0,56:13.5,,
46,Chống virus,,0,FALSE,0,TRUE,,tinh-nang-dac-biet/chong-virus,,,59:14.0,56:13.5,,
47,Chống bụi mịn PM2.5,,0,FALSE,0,TRUE,,tinh-nang-dac-biet/chong-bui-min-pm25,,,59:14.0,56:13.5,,
48,Chống hăm,,0,FALSE,0,TRUE,,tinh-nang-dac-biet/chong-ham,,,59:14.1,56:13.5,,
49,Hạ sốt,,0,FALSE,0,TRUE,,tinh-nang-dac-biet/ha-sot,,,59:14.1,56:14.2,,
50,Hỗ trợ tiêu mỡ thừa,,0,FALSE,0,TRUE,,tinh-nang-dac-biet/ho-tro-tieu-mo-thua,,,59:14.1,56:14.2,,
51,Làm sạch khoang miệng,,0,FALSE,0,TRUE,,tinh-nang-dac-biet/lam-sach-khoang-mieng,,,59:14.1,56:14.2,,
52,Cung cấp Collagen,,0,FALSE,0,TRUE,,tinh-nang-dac-biet/cung-cap-collagen,,,59:14.2,56:14.2,,
53,Giảm đau họng,,0,FALSE,0,TRUE,,tinh-nang-dac-biet/giam-dau-hong,,,59:14.2,56:14.2,,
54,Bổ sung acid lactic,,0,FALSE,0,TRUE,,tinh-nang-dac-biet/bo-sung-acid-lactic,,,59:14.2,56:14.2,,
55,Chống mọng nước,,0,FALSE,0,TRUE,,tinh-nang-dac-biet/chong-mong-nuoc,,,59:14.2,56:14.2,,
56,Tẩy sạch da đầu,,0,FALSE,0,TRUE,,tinh-nang-dac-biet/tay-sach-da-dau,,,59:14.2,56:14.2,,
57,Không cay mắt,,0,TRUE,0,TRUE,,tinh-nang-dac-biet/khong-cay-mat,,,59:14.3,56:14.6,,
58,Ngăn ngừa mụn,,0,FALSE,0,TRUE,,tinh-nang-dac-biet/ngan-ngua-mun,,,59:14.3,56:14.2,,
59,Giúp sảng khoái tinh thần,,0,FALSE,0,TRUE,,tinh-nang-dac-biet/giup-sang-khoai-tinh-than,,,59:14.3,56:14.2,,
60,Hút ẩm thừa,,0,TRUE,0,TRUE,,tinh-nang-dac-biet/hut-am-thua,,,59:14.3,56:14.6,,
61,Không làm khô da em bé,,0,FALSE,0,TRUE,,tinh-nang-dac-biet/khong-lam-kho-da-em-be,,,59:14.3,56:14.2,,
62,Giải độc cho tóc,,0,FALSE,0,TRUE,,tinh-nang-dac-biet/giai-doc-cho-toc,,,59:14.4,56:14.2,,
63,Dưỡng ẩm,,0,FALSE,0,TRUE,,tinh-nang-dac-biet/duong-am,,,59:14.4,56:14.2,,
64,Cải thiện trí nhớ,,0,FALSE,0,TRUE,,tinh-nang-dac-biet/cai-thien-tri-nho,,,59:14.4,56:15.0,,
65,Bổ sung acid béo,,0,FALSE,0,TRUE,,tinh-nang-dac-biet/bo-sung-acid-beo,,,59:14.4,56:15.0,,
66,Hỗ trợ làm lành vết thương,,0,FALSE,0,TRUE,,tinh-nang-dac-biet/ho-tro-lam-lanh-vet-thuong,,,59:14.4,56:16.0,,
67,Bổ sung Beta Glucan,,0,FALSE,0,TRUE,,tinh-nang-dac-biet/bo-sung-beta-glucan,,,59:14.5,56:16.0,,
68,Chống gốc tự do,,0,TRUE,0,TRUE,,tinh-nang-dac-biet/chong-goc-tu-do,,,59:14.5,56:16.3,,
69,Chống oxy hoá,,0,TRUE,0,TRUE,,tinh-nang-dac-biet/chong-oxy-hoa,,,59:14.7,56:16.2,,
70,Bổ sung vitamin A,,0,FALSE,0,TRUE,,tinh-nang-dac-biet/bo-sung-vitamin-a,,,59:14.7,56:16.0,,
71,Phục hồi và tái tạo mô sụn,,0,FALSE,0,TRUE,,tinh-nang-dac-biet/phuc-hoi-va-tai-tao-mo-sun,,,59:14.7,56:16.0,,
72,Bổ sung canxi,,0,FALSE,0,TRUE,,tinh-nang-dac-biet/bo-sung-canxi,,,59:14.8,56:16.0,,
73,Tăng khả năng hấp thụ,,0,FALSE,0,TRUE,,tinh-nang-dac-biet/tang-kha-nang-hap-thu,,,59:14.8,56:16.0,,
74,Tăng hấp thu canxi,,0,FALSE,0,TRUE,,tinh-nang-dac-biet/tang-hap-thu-canxi,,,59:14.8,56:16.0,,
75,Bổ sung vi khuẩn có lợi,,0,FALSE,0,TRUE,,tinh-nang-dac-biet/bo-sung-vi-khuan-co-loi,,,59:14.8,56:16.0,,
76,Rối loạn kinh nguyệt,,0,FALSE,0,TRUE,,tinh-nang-dac-biet/roi-loan-kinh-nguyet,,,59:14.8,56:10.7,,
77,Tăng khả năng sinh tinh,,0,FALSE,0,TRUE,,tinh-nang-dac-biet/tang-kha-nang-sinh-tinh,,,59:14.9,56:16.0,,
78,Tăng cường sinh lý nam,,0,FALSE,0,TRUE,,tinh-nang-dac-biet/tang-cuong-sinh-ly-nam,,,59:15.1,56:16.0,,
79,Cải thiện nhận thức,,0,FALSE,0,TRUE,,tinh-nang-dac-biet/cai-thien-nhan-thuc,,,59:15.1,56:15.0,,
80,Bổ sung Testosterone,,0,FALSE,0,TRUE,,tinh-nang-dac-biet/bo-sung-testosterone,,,59:15.1,56:16.0,,
81,Phòng máu đông,,0,FALSE,0,TRUE,,tinh-nang-dac-biet/phong-mau-dong,,,59:15.2,56:15.0,,
82,Giải độc đại tràng,,0,FALSE,0,TRUE,,tinh-nang-dac-biet/giai-doc-dai-trang,,,59:15.2,56:15.0,,
83,Phát hiện nhịp tim bất thường,,0,FALSE,0,TRUE,,tinh-nang-dac-biet/phat-hien-nhip-tim-bat-thuong,,,59:15.2,56:15.0,,
84,Báo cử động người trong khi đo,,0,FALSE,0,TRUE,,tinh-nang-dac-biet/bao-cu-dong-nguoi-trong-khi-do,,,59:15.2,56:15.0,,
85,Đèn hướng dẫn quấn vòng bít,,0,FALSE,0,TRUE,,tinh-nang-dac-biet/den-huong-dan-quan-vong-bit,,,59:15.2,56:15.0,,
86,Kết quả đo trung bình của 7 ngày,,0,FALSE,0,TRUE,,tinh-nang-dac-biet/ket-qua-do-trung-binh-cua-7-ngay,,,59:15.3,56:15.0,,
87,Bộ nhớ 250 kết quả,,0,FALSE,0,TRUE,,tinh-nang-dac-biet/bo-nho-250-ket-qua,,,59:15.3,56:15.0,,
88,Đo nhanh trong 6 giây,,0,FALSE,0,TRUE,,tinh-nang-dac-biet/do-nhanh-trong-6-giay,,,59:15.3,56:15.0,,
89,Sát khuẩn tai,,0,FALSE,0,TRUE,,tinh-nang-dac-biet/sat-khuan-tai,,,59:15.3,56:15.0,,
90,Làm sạch tai,,0,FALSE,0,TRUE,,tinh-nang-dac-biet/lam-sach-tai,,,59:15.3,56:15.0,,
91,,,0,FALSE,0,FALSE,,tinh-nang-dac-biet/giảm-tác-nhân-gây-viêm-nấm-ngứa,,,59:15.4,59:15.4,,
92,Đo độ ẩm,,0,FALSE,0,TRUE,,tinh-nang-dac-biet/do-do-am,,,59:15.4,56:15.0,,
93,Đo nhiệt độ,,0,FALSE,0,TRUE,,tinh-nang-dac-biet/do-nhiet-do,,,59:15.4,56:15.0,,
94,Bổ sung DHA,,0,FALSE,0,TRUE,,tinh-nang-dac-biet/bo-sung-dha,,,59:15.4,56:16.0,,
95,Bổ sung omega 3,,0,FALSE,0,TRUE,,tinh-nang-dac-biet/bo-sung-omega-3,,,59:15.4,56:16.0,,
96,Bổ sung Vitamin nhóm B,,0,FALSE,0,TRUE,,tinh-nang-dac-biet/bo-sung-vitamin-nhom-b,,,59:15.5,56:16.0,,
97,Bổ sung Lysine,,0,FALSE,0,TRUE,,tinh-nang-dac-biet/bo-sung-lysine,,,59:15.5,56:16.0,,
98,Bổ sung hỗn hợp Enzyme,,0,FALSE,0,TRUE,,tinh-nang-dac-biet/bo-sung-hon-hop-enzyme,,,59:15.5,56:16.0,,
99,Chống tia UV,,1,TRUE,1,TRUE,,tinh-nang-dac-biet/chong-tia-uv,,,59:15.5,56:16.3,,
100,Bổ sung Omega,,0,FALSE,0,TRUE,,tinh-nang-dac-biet/bo-sung-omega,,,59:15.5,56:16.0,,
101,Tăng sức bền thành mạch,,0,FALSE,0,TRUE,,tinh-nang-dac-biet/tang-suc-ben-thanh-mach,,,59:15.6,56:16.6,,
102,Điều hòa đường huyết,,0,FALSE,0,TRUE,,tinh-nang-dac-biet/dieu-hoa-duong-huyet,,,59:15.6,56:16.6,,
103,Tăng chiều cao,,0,FALSE,0,TRUE,,tinh-nang-dac-biet/tang-chieu-cao,,,59:15.6,56:16.6,,
104,Cân bằng Cholesterol,,0,FALSE,0,TRUE,,tinh-nang-dac-biet/can-bang-cholesterol,,,59:15.6,56:16.6,,
105,Lưu trữ 60 dữ liệu đo,,0,FALSE,0,TRUE,,tinh-nang-dac-biet/luu-tru-60-du-lieu-do,,,59:15.7,56:15.0,,
106,Cho kết quả trung bình 3 lần đó cuối cùng,,0,FALSE,0,TRUE,,tinh-nang-dac-biet/cho-ket-qua-trung-binh-3-lan-do-cuoi-cung,,,59:15.7,56:15.0,,
107,Thu nhỏ lỗ chân lông,,0,FALSE,0,TRUE,,tinh-nang-dac-biet/thu-nho-lo-chan-long,,,59:15.7,56:15.0,,
108,Không bị nhiễu bởi nồng độ Acetaminophen,,0,FALSE,0,TRUE,,tinh-nang-dac-biet/khong-bi-nhieu-boi-nong-do-acetaminophen,,,59:15.7,56:14.9,,
109,Theo dõi đường huyết liên tục trong 14 ngày,,0,FALSE,0,TRUE,,tinh-nang-dac-biet/theo-doi-duong-huyet-lien-tuc-trong-14-ngay,,,59:15.7,56:14.9,,
110,Chống nước,,0,FALSE,0,TRUE,,tinh-nang-dac-biet/chong-nuoc,,,59:15.8,56:14.9,,
111,Kiểm tra nồng độ đường huyết không cần lấy máu,,0,FALSE,0,TRUE,,tinh-nang-dac-biet/kiem-tra-nong-do-duong-huyet-khong-can-lay-mau,,,59:15.8,56:14.9,,
112,Tự động đo và ghi nhớ chỉ số đường huyết,,0,FALSE,0,TRUE,,tinh-nang-dac-biet/tu-dong-do-va-ghi-nho-chi-so-duong-huyet,,,59:15.8,56:14.9,,
113,,,0,FALSE,0,FALSE,,tinh-nang-dac-biet/dung-cho-cac-loai-bút-insulin,,,59:15.9,59:15.9,,
114,Không gây đau khi tiêm,,0,FALSE,0,TRUE,,tinh-nang-dac-biet/khong-gay-dau-khi-tiem,,,59:15.9,56:14.9,,
115,Tái tạo da,,0,FALSE,0,TRUE,,tinh-nang-dac-biet/tai-tao-da,,,59:15.9,56:14.9,,
116,Tăng sinh Collagen,,0,TRUE,0,TRUE,,tinh-nang-dac-biet/tang-sinh-collagen,,,59:15.9,56:15.6,,
117,"Dùng cho các loại bơm tiêm lấy máu, lấy thuốc",,0,FALSE,0,TRUE,,tinh-nang-dac-biet/dung-cho-cac-loai-bom-tiem-lay-mau-lay-thuoc,,,59:15.9,56:14.9,,
118,Cầm máu tạm thời,,0,FALSE,0,TRUE,,tinh-nang-dac-biet/cam-mau-tam-thoi,,,59:16.0,56:14.9,,
119,Hỗ trợ việc tìm mạch máu,,0,FALSE,0,TRUE,,tinh-nang-dac-biet/ho-tro-viec-tim-mach-mau,,,59:16.0,56:14.9,,
120,Dùng để thắt mạch,,0,FALSE,0,TRUE,,tinh-nang-dac-biet/dung-de-that-mach,,,59:16.0,56:14.9,,
121,Cố định gạc y tế,,0,FALSE,0,TRUE,,tinh-nang-dac-biet/co-dinh-gac-y-te,,,59:16.0,56:14.9,,
122,Lưu trữ 500 dữ liệu đo,,0,FALSE,0,TRUE,,tinh-nang-dac-biet/luu-tru-500-du-lieu-do,,,59:16.0,56:15.0,,
123,Tự động nhắc nhở 4 lần đo trong ngày,,0,FALSE,0,TRUE,,tinh-nang-dac-biet/tu-dong-nhac-nho-4-lan-do-trong-ngay,,,59:16.1,56:15.0,,
124,Báo que thử hết hạn,,0,FALSE,0,TRUE,,tinh-nang-dac-biet/bao-que-thu-het-han,,,59:16.1,56:15.0,,
125,Đo nhanh trong 5 giây,,0,FALSE,0,TRUE,,tinh-nang-dac-biet/do-nhanh-trong-5-giay,,,59:16.1,56:15.0,,
126,Lưu thời gian và kết quả 99 lần đo,,0,FALSE,0,TRUE,,tinh-nang-dac-biet/luu-thoi-gian-va-ket-qua-99-lan-do,,,59:16.1,56:15.0,,
127,Lưu thời gian và kết quả 30 lần đo,,0,FALSE,0,TRUE,,tinh-nang-dac-biet/luu-thoi-gian-va-ket-qua-30-lan-do,,,59:16.1,56:15.0,,
128,Cảnh báo huyết áp cao,,0,FALSE,0,TRUE,,tinh-nang-dac-biet/canh-bao-huyet-ap-cao,,,59:16.2,56:15.0,,
129,Màn hình hiển thị lớn,,0,FALSE,0,TRUE,,tinh-nang-dac-biet/man-hinh-hien-thi-lon,,,59:16.2,56:15.0,,
130,Cảnh báo pin yếu,,0,FALSE,0,TRUE,,tinh-nang-dac-biet/canh-bao-pin-yeu,,,59:16.2,56:15.0,,
131,Lưu kết quả lần đo gần nhất,,0,FALSE,0,TRUE,,tinh-nang-dac-biet/luu-ket-qua-lan-do-gan-nhat,,,59:16.2,56:15.0,,
132,"Đo nhanh, êm ái",,0,FALSE,0,TRUE,,tinh-nang-dac-biet/do-nhanh-em-ai,,,59:16.3,56:15.0,,
133,Kiểm tra túi hơi phù hợp khi đo,,0,FALSE,0,TRUE,,tinh-nang-dac-biet/kiem-tra-tui-hoi-phu-hop-khi-do,,,59:16.3,56:15.0,,
134,Phát hiện rối loạn nhịp tim,,0,FALSE,0,TRUE,,tinh-nang-dac-biet/phat-hien-roi-loan-nhip-tim,,,59:16.3,56:15.0,,
135,Chống tràn,,0,FALSE,0,TRUE,,tinh-nang-dac-biet/chong-tran,,,59:16.3,56:15.0,,
136,Sát khuẩn,,0,FALSE,0,TRUE,,tinh-nang-dac-biet/sat-khuan,,,59:16.3,56:15.0,,
137,Giảm ê buốt,,0,FALSE,0,TRUE,,tinh-nang-dac-biet/giam-e-buot,,,59:16.4,56:15.0,,
138,Ngừa sâu răng,,0,FALSE,0,TRUE,,tinh-nang-dac-biet/ngua-sau-rang,,,59:16.6,56:15.0,,
139,Không phản ứng với hoá chất,,0,FALSE,0,TRUE,,tinh-nang-dac-biet/khong-phan-ung-voi-hoa-chat,,,59:16.6,56:15.0,,
140,Không gây kích ứng cho mắt,,0,FALSE,0,TRUE,,tinh-nang-dac-biet/khong-gay-kich-ung-cho-mat,,,59:16.6,56:15.0,,
141,Làm sạch dịu nhẹ da,,0,FALSE,0,TRUE,,tinh-nang-dac-biet/lam-sach-diu-nhe-da,,,59:16.7,56:15.0,,
142,Dưỡng ẩm da,,0,FALSE,0,TRUE,,tinh-nang-dac-biet/duong-am-da,,,59:16.7,56:15.0,,
143,Tẩy tế bào chết,,0,FALSE,0,TRUE,,tinh-nang-dac-biet/tay-te-bao-chet,,,59:16.7,56:15.0,,
144,Giúp trắng răng,,0,FALSE,0,TRUE,,tinh-nang-dac-biet/giup-trang-rang,,,59:16.7,56:15.0,,
145,Giảm stress,,0,FALSE,0,TRUE,,tinh-nang-dac-biet/giam-stress,,,59:16.7,56:15.0,,
146,Làm ấm cơ thể,,0,FALSE,0,TRUE,,tinh-nang-dac-biet/lam-am-co-the,,,59:16.8,56:14.2,,
147,Mềm,,0,FALSE,0,TRUE,,tinh-nang-dac-biet/mem,,,59:16.8,56:15.0,,
148,Độ co giãn tốt,,0,FALSE,0,TRUE,,tinh-nang-dac-biet/do-co-gian-tot,,,59:16.8,56:15.0,,
149,Màng film hấp thụ nước,,0,FALSE,0,TRUE,,tinh-nang-dac-biet/mang-film-hap-thu-nuoc,,,59:16.8,56:15.0,,
150,Bảo vệ vết thương,,0,FALSE,0,TRUE,,tinh-nang-dac-biet/bao-ve-vet-thuong,,,59:16.8,56:15.0,,
151,Bảo vệ vết thương nhỏ,,0,FALSE,0,TRUE,,tinh-nang-dac-biet/bao-ve-vet-thuong-nho,,,59:16.9,56:15.0,,
152,Kéo dài cuộc yêu,,0,FALSE,0,TRUE,,tinh-nang-dac-biet/keo-dai-cuoc-yeu,,,59:16.9,56:15.0,,
153,Siêu mỏng,,0,FALSE,0,TRUE,,tinh-nang-dac-biet/sieu-mong,,,59:16.9,56:15.0,,
154,Thấm hút tốt,,0,FALSE,0,TRUE,,tinh-nang-dac-biet/tham-hut-tot,,,59:16.9,56:15.0,,
155,Không Paraben,,2,TRUE,2,TRUE,,tinh-nang-dac-biet/khong-paraben,,,59:16.9,56:15.6,,
156,Không chất tạo màu,,0,FALSE,0,TRUE,,tinh-nang-dac-biet/khong-chat-tao-mau,,,59:17.0,56:15.0,,
157,Không cồn,,0,TRUE,0,TRUE,,tinh-nang-dac-biet/khong-con,,,59:17.0,56:15.6,,
158,Không xà phòng,,0,TRUE,0,TRUE,,tinh-nang-dac-biet/khong-xa-phong,,,59:17.0,56:15.6,,
159,Không lem son môi,,0,FALSE,0,TRUE,,tinh-nang-dac-biet/khong-lem-son-moi,,,59:17.0,56:15.0,,
160,Ngăn giọt bắn,,0,FALSE,0,TRUE,,tinh-nang-dac-biet/ngan-giot-ban,,,59:17.0,56:15.0,,
161,Phòng tai biến,,0,FALSE,0,TRUE,,tinh-nang-dac-biet/phong-tai-bien,,,59:17.1,56:15.0,,
162,Chỉ báo tăng huyết áp,,0,FALSE,0,TRUE,,tinh-nang-dac-biet/chi-bao-tang-huyet-ap,,,59:17.1,56:15.0,,
163,Ngăn lão hoá,,2,TRUE,2,TRUE,,tinh-nang-dac-biet/ngan-lao-hoa,,,59:17.1,56:16.3,,
164,Bổ sung Vitamin E,,0,FALSE,0,TRUE,,tinh-nang-dac-biet/bo-sung-vitamin-e,,,59:17.1,56:16.6,,
165,Cải thiện làn da,,0,FALSE,0,TRUE,,tinh-nang-dac-biet/cai-thien-lan-da,,,59:17.1,56:16.6,,
166,Bổ sung chất chống oxi hóa,,0,TRUE,0,FALSE,,tinh-nang-dac-biet/bo-sung-chat-chong-oxi-hoa,,,59:17.2,56:16.9,,
167,Sát trùng quanh mắt,,0,FALSE,0,TRUE,,tinh-nang-dac-biet/sat-trung-quanh-mat,,,59:17.2,56:16.6,,
168,Cân bằng hệ vi sinh đường ruột,,0,FALSE,0,TRUE,,tinh-nang-dac-biet/can-bang-he-vi-sinh-duong-ruot,,,59:17.2,56:16.6,,
169,Bổ sung Vitamin B6,,0,FALSE,0,TRUE,,tinh-nang-dac-biet/bo-sung-vitamin-b6,,,59:17.2,56:16.6,,
170,Chống giảm oxy trong máu,,0,FALSE,0,TRUE,,tinh-nang-dac-biet/chong-giam-oxy-trong-mau,,,59:17.3,56:16.6,,
171,,,0,FALSE,0,FALSE,,tinh-nang-dac-biet/bo-sung-ion-na-va-cl-,,,59:17.3,59:17.3,,
172,Bổ sung Axit amin,,0,FALSE,0,TRUE,,tinh-nang-dac-biet/bo-sung-axit-amin,,,59:17.3,56:16.6,,
173,Thanh nhiệt,,0,FALSE,0,TRUE,,tinh-nang-dac-biet/thanh-nhiet,,,59:17.3,56:16.6,,
174,Bổ sung Vitamin D,,0,FALSE,0,TRUE,,tinh-nang-dac-biet/bo-sung-vitamin-d,,,59:17.3,56:16.6,,
175,Bổ sung kẽm,,0,FALSE,0,TRUE,,tinh-nang-dac-biet/bo-sung-kem,,,59:17.3,56:16.6,,
176,Nhuận tràng,,0,FALSE,0,TRUE,,tinh-nang-dac-biet/nhuan-trang,,,59:17.4,56:16.6,,
177,Se khít lỗ chân lông,,0,FALSE,0,TRUE,,tinh-nang-dac-biet/se-khit-lo-chan-long,,,59:17.4,56:16.6,,
178,Hỗ trợ tăng cường khả năng hồi phục,,0,FALSE,0,TRUE,,tinh-nang-dac-biet/ho-tro-tang-cuong-kha-nang-hoi-phuc,,,59:17.4,56:16.6,,
179,Cân bằng men ruột,,0,FALSE,0,TRUE,,tinh-nang-dac-biet/can-bang-men-ruot,,,59:17.6,56:16.0,,
180,Giúp ăn ngon miệng,,0,FALSE,0,TRUE,,tinh-nang-dac-biet/giup-an-ngon-mieng,,,59:17.9,56:16.0,,
181,,,0,FALSE,0,FALSE,,tinh-nang-dac-biet/ngan-ngua-mui-hoi-co-the,,,59:17.9,59:17.9,,
182,Kích thích mọc tóc,,0,FALSE,0,TRUE,,tinh-nang-dac-biet/kich-thich-moc-toc,,,59:17.9,56:14.2,,
183,Diệt khuẩn gây hôi miệng,,0,FALSE,0,TRUE,,tinh-nang-dac-biet/diet-khuan-gay-hoi-mieng,,,59:17.9,56:14.2,,
184,Làm sạch mảng bám,,0,FALSE,0,TRUE,,tinh-nang-dac-biet/lam-sach-mang-bam,,,59:18.0,56:14.2,,
185,Không cần rửa lại với nước,,0,FALSE,0,TRUE,,tinh-nang-dac-biet/khong-can-rua-lai-voi-nuoc,,,59:18.0,56:14.2,,
186,Làm sạch vi khuẩn,,0,FALSE,0,TRUE,,tinh-nang-dac-biet/lam-sach-vi-khuan,,,59:18.0,56:14.2,,
187,Khử mùi vùng kín,,0,FALSE,0,TRUE,,tinh-nang-dac-biet/khu-mui-vung-kin,,,59:18.0,56:14.2,,
188,Làm sạch vùng kín,,0,FALSE,0,TRUE,,tinh-nang-dac-biet/lam-sach-vung-kin,,,59:18.0,56:14.2,,
189,Bôi trơn âm đạo,,0,FALSE,0,TRUE,,tinh-nang-dac-biet/boi-tron-am-dao,,,59:18.1,56:14.2,,
190,Kích thích hô hấp,,0,FALSE,0,TRUE,,tinh-nang-dac-biet/kich-thich-ho-hap,,,59:18.1,56:14.2,,
191,,,0,FALSE,0,FALSE,,tinh-nang-dac-biet/nuoi-duong-chan-toc-va-te-bao-da-dau,,,59:18.1,59:18.1,,
192,Làm dịu vết bỏng,,0,FALSE,0,TRUE,,tinh-nang-dac-biet/lam-diu-vet-bong,,,59:18.1,56:14.2,,
193,Giảm tiết bã nhờn,,0,FALSE,0,TRUE,,tinh-nang-dac-biet/giam-tiet-ba-nhon,,,59:18.1,56:14.2,,
194,Thơm miệng,,0,FALSE,0,TRUE,,tinh-nang-dac-biet/thom-mieng,,,59:18.2,56:14.2,,
195,"Làm mềm, bóng tóc",,0,FALSE,0,TRUE,,tinh-nang-dac-biet/lam-mem-bong-toc,,,59:18.2,56:14.2,,
196,Trị chấy,,0,FALSE,0,TRUE,,tinh-nang-dac-biet/tri-chay,,,59:18.2,56:14.2,,
197,Giảm tích tụ mỡ,,0,FALSE,0,TRUE,,tinh-nang-dac-biet/giam-tich-tu-mo,,,59:18.2,56:14.2,,
198,Tăng bài tiết thận,,0,FALSE,0,TRUE,,tinh-nang-dac-biet/tang-bai-tiet-than,,,59:18.2,56:14.2,,
199,Bảo vệ rốn,,0,FALSE,0,TRUE,,tinh-nang-dac-biet/bao-ve-ron,,,59:18.3,56:14.2,,
200,Phục hồi độ đàn hồi của thành mạch,,0,FALSE,0,TRUE,,tinh-nang-dac-biet/phuc-hoi-do-dan-hoi-cua-thanh-mach,,,59:18.3,56:14.2,,
201,Làm sạch bã nhờn,,0,FALSE,0,TRUE,,tinh-nang-dac-biet/lam-sach-ba-nhon,,,59:18.3,56:14.2,,
202,Làm sạch bụi bẩn trên da,,0,FALSE,0,TRUE,,tinh-nang-dac-biet/lam-sach-bui-ban-tren-da,,,59:18.3,56:14.2,,
203,Tẩy trang,,0,FALSE,0,TRUE,,tinh-nang-dac-biet/tay-trang,,,59:18.6,56:14.2,,
204,Làm mát da,,0,FALSE,0,TRUE,,tinh-nang-dac-biet/lam-mat-da,,,59:18.6,56:14.2,,
205,Ngăn ngừa viêm nhiễm,,0,FALSE,0,TRUE,,tinh-nang-dac-biet/ngan-ngua-viem-nhiem,,,59:18.6,56:14.2,,
206,Không nhỏ giọt rò rỉ nước khi chườm,,0,FALSE,0,TRUE,,tinh-nang-dac-biet/khong-nho-giot-ro-ri-nuoc-khi-chuom,,,59:18.6,56:14.2,,
207,Thoáng khí,,0,FALSE,0,TRUE,,tinh-nang-dac-biet/thoang-khi,,,59:18.6,56:14.2,,
208,Siêu thấm,,0,FALSE,0,TRUE,,tinh-nang-dac-biet/sieu-tham,,,59:18.7,56:14.2,,
209,Tẩy lông,,0,FALSE,0,TRUE,,tinh-nang-dac-biet/tay-long,,,59:18.7,56:14.2,,
210,Thông cổ họng,,0,FALSE,0,TRUE,,tinh-nang-dac-biet/thong-co-hong,,,59:18.7,56:14.2,,
211,Làm sạch phân,,0,FALSE,0,TRUE,,tinh-nang-dac-biet/lam-sach-phan,,,59:18.7,56:17.3,,
212,Giải độc khi dùng quá liều thuốc loại Cura,,0,FALSE,0,TRUE,,tinh-nang-dac-biet/giai-doc-khi-dung-qua-lieu-thuoc-loai-cura,,,59:18.7,56:16.6,,
213,Thông mật,,0,FALSE,0,TRUE,,tinh-nang-dac-biet/thong-mat,,,59:18.8,56:16.6,,
214,Lợi tiểu,,0,FALSE,0,TRUE,,tinh-nang-dac-biet/loi-tieu,,,59:18.8,56:16.6,,
215,Bổ sung khoáng chất,,0,FALSE,0,TRUE,,tinh-nang-dac-biet/bo-sung-khoang-chat,,,59:18.8,56:16.6,,
216,Bổ sung Vitamin,,0,FALSE,0,TRUE,,tinh-nang-dac-biet/bo-sung-vitamin,,,59:18.8,56:16.6,,
217,Chống co thắt đường tiết niệu,,0,FALSE,0,TRUE,,tinh-nang-dac-biet/chong-co-that-duong-tiet-nieu,,,59:18.8,56:16.6,,
218,Chống co thắt đường tiêu hóa,,0,FALSE,0,TRUE,,tinh-nang-dac-biet/chong-co-that-duong-tieu-hoa,,,59:18.9,56:16.6,,
219,Bổ phổi,,0,FALSE,0,TRUE,,tinh-nang-dac-biet/bo-phoi,,,59:18.9,56:17.3,,
220,Tăng cường tuần hoàn máu,,0,FALSE,0,TRUE,,tinh-nang-dac-biet/tang-cuong-tuan-hoan-mau,,,59:18.9,56:17.3,,
221,Giảm đau,,0,FALSE,0,TRUE,,tinh-nang-dac-biet/giam-dau,,,59:18.9,56:17.3,,
222,Khử trùng dụng cụ,,0,FALSE,0,TRUE,,tinh-nang-dac-biet/khu-trung-dung-cu,,,59:18.9,56:17.3,,
223,Sát trùng da,,0,FALSE,0,TRUE,,tinh-nang-dac-biet/sat-trung-da,,,59:19.0,56:17.3,,
224,,,0,FALSE,0,FALSE,,tinh-nang-dac-biet/giam-doc-tinh-hoaxa-tri,,,59:19.0,59:19.0,,
225,Bồi bổ khí huyết,,0,FALSE,0,TRUE,,tinh-nang-dac-biet/boi-bo-khi-huyet,,,59:19.0,56:17.3,,
226,Cai nghiện ma tuý nhóm Opiat,,0,FALSE,0,TRUE,,tinh-nang-dac-biet/cai-nghien-ma-tuy-nhom-opiat,,,59:19.0,56:17.3,,
227,Bổ sung Estrogen,,0,FALSE,0,TRUE,,tinh-nang-dac-biet/bo-sung-estrogen,,,59:19.1,56:17.3,,
228,Không đường,,0,FALSE,0,TRUE,,tinh-nang-dac-biet/khong-duong,,,59:19.1,56:17.7,,
229,Giải độc,,0,FALSE,0,TRUE,,tinh-nang-dac-biet/giai-doc,,,59:19.1,56:17.7,,
230,Giải rượu,,0,FALSE,0,TRUE,,tinh-nang-dac-biet/giai-ruou,,,59:19.1,56:17.7,,
231,Chống bụi bẩn,,0,FALSE,0,TRUE,,tinh-nang-dac-biet/chong-bui-ban,,,59:19.1,56:17.7,,
232,Đo nồng độ oxy trong máu,,0,FALSE,0,TRUE,,tinh-nang-dac-biet/do-nong-do-oxy-trong-mau,,,59:19.2,56:13.5,,
233,Đo nhịp tim,,3,FALSE,3,TRUE,,tinh-nang-dac-biet/do-nhip-tim,,,59:19.4,56:13.8,,
234,Bổ sung Acid Folic,,0,FALSE,0,TRUE,,tinh-nang-dac-biet/bo-sung-acid-folic,,,59:19.4,56:13.5,,
235,Diệt khuẩn,,0,FALSE,0,TRUE,,tinh-nang-dac-biet/diet-khuan,,,59:19.4,56:13.5,,
236,Sát trùng vết thương,,0,FALSE,0,TRUE,,tinh-nang-dac-biet/sat-trung-vet-thuong,,,59:19.4,56:13.5,,
237,Trị táo bón,,30,FALSE,30,TRUE,,tinh-nang-dac-biet/tri-tao-bon,,,59:19.5,56:13.8,,
238,Giảm khô mũi và miệng,,0,FALSE,0,TRUE,,tinh-nang-dac-biet/giam-kho-mui-va-mieng,,,59:19.5,56:13.5,,
239,Dưỡng sáng da,,0,FALSE,0,TRUE,,tinh-nang-dac-biet/duong-sang-da,,,59:19.5,56:12.2,,
240,Chống nắng môi,,0,TRUE,0,TRUE,,tinh-nang-dac-biet/chong-nang-moi,,,59:19.5,56:12.7,,
241,Điều trị khí hư,,0,FALSE,0,TRUE,,tinh-nang-dac-biet/dieu-tri-khi-hu,,,59:19.5,56:14.2,,
242,Liền sẹo,,0,FALSE,0,TRUE,,tinh-nang-dac-biet/lien-seo,,,59:19.6,56:16.6,,
243,Bảo vệ vùng kín,,0,FALSE,0,TRUE,,tinh-nang-dac-biet/bao-ve-vung-kin,,,59:19.6,56:14.2,,
244,Không thấm nước,,0,FALSE,0,TRUE,,tinh-nang-dac-biet/khong-tham-nuoc,,,59:19.6,56:11.6,,
245,"Lọc vi khuẩn, bụi mịn",,0,FALSE,0,TRUE,,tinh-nang-dac-biet/loc-vi-khuan-bui-min,,,59:19.6,56:11.6,,
246,Khử mùi cơ thể,,0,FALSE,0,TRUE,,tinh-nang-dac-biet/khu-mui-co-the,,,59:19.7,56:11.6,,
247,Dưỡng ẩm da tay,,0,FALSE,0,TRUE,,tinh-nang-dac-biet/duong-am-da-tay,,,59:19.7,56:11.6,,
248,Ức chế hình thành sắc tố đen,,0,FALSE,0,TRUE,,tinh-nang-dac-biet/uc-che-hinh-thanh-sac-to-den,,,59:19.7,56:11.6,,
249,Phòng ngừa điều trị các bệnh ngoài da,,0,FALSE,0,TRUE,,tinh-nang-dac-biet/phong-ngua-dieu-tri-cac-benh-ngoai-da,,,59:19.9,56:11.6,,
250,Chống khô da,,0,FALSE,0,TRUE,,tinh-nang-dac-biet/chong-kho-da,,,59:20.0,56:11.6,,
251,"Mờ  sẹo, vết thâm",,0,FALSE,0,TRUE,,tinh-nang-dac-biet/mo-seo-vet-tham,,,59:20.0,56:13.5,,
252,Vệ sinh mũi,,0,FALSE,0,TRUE,,tinh-nang-dac-biet/ve-sinh-mui,,,59:20.0,56:11.6,,
253,Sát khuẩn đường hô hấp,,0,FALSE,0,TRUE,,tinh-nang-dac-biet/sat-khuan-duong-ho-hap,,,59:20.0,56:11.6,,
254,Tăng độ đàn hồi da,,0,FALSE,0,TRUE,,tinh-nang-dac-biet/tang-do-dan-hoi-da,,,59:20.1,56:11.6,,
255,Bổ sung acid béo không no,,0,FALSE,0,TRUE,,tinh-nang-dac-biet/bo-sung-acid-beo-khong-no,,,59:20.1,56:11.1,,
256,Đo chính xác hơn với Công nghệ MAM,,0,FALSE,0,TRUE,,tinh-nang-dac-biet/do-chinh-xac-hon-voi-cong-nghe-mam,,,59:20.1,56:11.1,,
257,Điều trị suy giãn tĩnh mạch,,0,FALSE,0,TRUE,,tinh-nang-dac-biet/dieu-tri-suy-gian-tinh-mach,,,59:20.1,56:11.1,,
258,Bổ sung vi chất dinh dưỡng,,0,FALSE,0,TRUE,,tinh-nang-dac-biet/bo-sung-vi-chat-dinh-duong,,,59:20.1,56:11.1,,
259,Dùng để lấy máu cho máy đo đường huyết accu chek performa và accu chek guide,,0,FALSE,0,TRUE,,tinh-nang-dac-biet/dung-de-lay-mau-cho-may-do-duong-huyet-accu-chek-performa-va-accu-chek-guide,,,59:20.2,56:11.1,,
260,Tăng cường chất xơ,,0,FALSE,0,TRUE,,tinh-nang-dac-biet/tang-cuong-chat-xo,,,59:20.2,56:11.1,,
261,"Lợi mật, thông mật",,0,FALSE,0,TRUE,,tinh-nang-dac-biet/loi-mat-thong-mat,,,59:20.2,56:11.1,,
262,Tăng cường sinh lý nữ,,0,FALSE,0,TRUE,,tinh-nang-dac-biet/tang-cuong-sinh-ly-nu,,,59:20.2,56:11.1,,
263,Không gây kích ứng da,,0,FALSE,0,TRUE,,tinh-nang-dac-biet/khong-gay-kich-ung-da,,,59:20.2,56:11.1,,
264,Phục hồi và làm săn chắc nướu,,0,FALSE,0,TRUE,,tinh-nang-dac-biet/phuc-hoi-va-lam-san-chac-nuou,,,59:20.3,56:11.1,,
265,Xác định ngày rụng trứng,,0,FALSE,0,TRUE,,tinh-nang-dac-biet/xac-dinh-ngay-rung-trung,,,59:20.3,56:11.1,,
266,Tái tạo mô & xương,,0,FALSE,0,TRUE,,tinh-nang-dac-biet/tai-tao-mo-xuong,,,59:20.3,56:11.1,,
267,Loại bỏ thuốc trừ sâu và chất bảo quản trong hoa quả,,0,FALSE,0,TRUE,,tinh-nang-dac-biet/loai-bo-thuoc-tru-sau-va-chat-bao-quan-trong-hoa-qua,,,59:20.3,56:11.1,,
268,Cung cấp Amino Acid,,0,FALSE,0,TRUE,,tinh-nang-dac-biet/cung-cap-amino-acid,,,59:20.4,56:11.1,,
269,Hạt scrub nhỏ mịn,,0,TRUE,0,TRUE,,tinh-nang-dac-biet/hat-scrub-nho-min,,,59:20.4,56:13.1,,
270,Không gây đổ dầu,,0,TRUE,0,TRUE,,tinh-nang-dac-biet/khong-gay-do-dau,,,59:20.4,56:12.7,,
271,Không vàng áo,,0,TRUE,0,TRUE,,tinh-nang-dac-biet/khong-vang-ao,,,59:20.4,56:12.7,,
272,Tạo màng sinh học,,0,TRUE,0,TRUE,,tinh-nang-dac-biet/tao-mang-sinh-hoc,,,59:20.5,56:12.7,,
273,An toàn khi nuốt,,0,TRUE,0,FALSE,,tinh-nang-dac-biet/an-toan-khi-nuot,,,59:20.5,51:11.2,,
274,Không cần dùng nước,,0,TRUE,0,TRUE,,tinh-nang-dac-biet/khong-can-dung-nuoc,,,59:20.5,56:12.7,,
275,Mờ sẹo lồi,,0,TRUE,0,TRUE,,tinh-nang-dac-biet/mo-seo-loi,,,59:20.5,56:12.7,,
276,Giảm sẹo lõm,,0,TRUE,0,TRUE,,tinh-nang-dac-biet/giam-seo-lom,,,59:20.6,56:12.7,,
277,Không vàng da,,0,TRUE,0,TRUE,,tinh-nang-dac-biet/khong-vang-da,,,59:20.6,56:12.7,,
278,Kháng nước và mồ hôi,,0,TRUE,0,TRUE,,tinh-nang-dac-biet/khang-nuoc-va-mo-hoi,,,59:20.6,56:12.7,,
279,Giảm mụn cơ thể,,0,TRUE,0,TRUE,,tinh-nang-dac-biet/giam-mun-co-the,,,59:20.6,56:12.7,,
280,Chứa thành phần tự nhiên,,0,TRUE,0,TRUE,,tinh-nang-dac-biet/chua-thanh-phan-tu-nhien,,,59:20.6,56:12.7,,
281,Ít vàng áo,,0,TRUE,0,TRUE,,tinh-nang-dac-biet/it-vang-ao,,,59:20.7,56:12.7,,
282,Không chứa long não,,0,TRUE,0,TRUE,,tinh-nang-dac-biet/khong-chua-long-nao,,,59:20.7,56:12.7,,
283,Thay thế đường Sucrose,,0,FALSE,0,TRUE,,tinh-nang-dac-biet/thay-the-duong-sucrose,,,59:20.7,56:15.0,,
284,Mát gan,,0,FALSE,0,TRUE,,tinh-nang-dac-biet/mat-gan,,,59:20.7,56:15.0,,
285,Không xê dịch khi truyền dịch,,0,FALSE,0,TRUE,,tinh-nang-dac-biet/khong-xe-dich-khi-truyen-dich,,,59:20.7,56:15.0,,
286,Không chứa chất gây sốt (Pyrogene),,0,FALSE,0,TRUE,,tinh-nang-dac-biet/khong-chua-chat-gay-sot-pyrogene,,,59:20.8,56:14.2,,
287,,,0,FALSE,0,FALSE,,tinh-nang-dac-biet/dung-de-lay-mau-cho-may-do-duong-huyet-accu-chek-active,,,59:20.8,59:20.8,,
288,Làm bánh,,0,FALSE,0,TRUE,,tinh-nang-dac-biet/lam-banh,,,59:20.8,56:14.2,,
289,Nuôi dưỡng tái tạo môi tổn thương,,0,FALSE,0,TRUE,,tinh-nang-dac-biet/nuoi-duong-tai-tao-moi-ton-thuong,,,59:20.8,56:14.2,,
290,Cố định khớp,,0,FALSE,0,TRUE,,tinh-nang-dac-biet/co-dinh-khop,,,59:20.9,56:14.2,,
291,Cầm máu,,0,FALSE,0,TRUE,,tinh-nang-dac-biet/cam-mau,,,59:20.9,56:14.2,,
292,Ít thấm nước,,0,FALSE,0,TRUE,,tinh-nang-dac-biet/it-tham-nuoc,,,59:20.9,56:14.2,,
293,Độ dính cao,,0,FALSE,0,TRUE,,tinh-nang-dac-biet/do-dinh-cao,,,59:20.9,56:14.2,,
294,Đổi điện AC thành DC,,0,FALSE,0,TRUE,,tinh-nang-dac-biet/doi-dien-ac-thanh-dc,,,59:20.9,56:14.2,,
295,Đầu kim được khử trùng bằng khí E.O,,0,FALSE,0,TRUE,,tinh-nang-dac-biet/dau-kim-duoc-khu-trung-bang-khi-eo,,,59:21.0,56:14.2,,
296,Dự phòng chấn thương cơ khớp,,0,FALSE,0,TRUE,,tinh-nang-dac-biet/du-phong-chan-thuong-co-khop,,,59:21.0,56:14.2,,
297,Dùng trong phẫu thuật chỉnh hình,,0,FALSE,0,TRUE,,tinh-nang-dac-biet/dung-trong-phau-thuat-chinh-hinh,,,59:21.0,56:14.2,,
298,Làm dịu vết côn trùng cắn,,0,FALSE,0,TRUE,,tinh-nang-dac-biet/lam-diu-vet-con-trung-can,,,59:21.0,56:14.2,,
299,Đuổi côn trùng,,0,FALSE,0,TRUE,,tinh-nang-dac-biet/duoi-con-trung,,,59:21.0,56:14.2,,
300,Đuổi muỗi,,0,FALSE,0,TRUE,,tinh-nang-dac-biet/duoi-muoi,,,59:21.1,56:14.2,,
301,Giúp lợi sữa,,0,FALSE,0,TRUE,,tinh-nang-dac-biet/giup-loi-sua,,,59:21.1,56:14.2,,
302,Kích thích tuyến sữa,,0,FALSE,0,TRUE,,tinh-nang-dac-biet/kich-thich-tuyen-sua,,,59:21.1,56:14.2,,
303,"Ngăn sự phát triển của vi khuẩn, vi nấm có hại",,0,FALSE,0,TRUE,,tinh-nang-dac-biet/ngan-su-phat-trien-cua-vi-khuan-vi-nam-co-hai,,,59:21.1,56:14.2,,
304,Thấm hút nhanh,,0,FALSE,0,TRUE,,tinh-nang-dac-biet/tham-hut-nhanh,,,59:21.1,56:14.2,,
305,Chống co dúm,,0,FALSE,0,TRUE,,tinh-nang-dac-biet/chong-co-dum,,,59:21.1,56:14.2,,
306,Tẩy rửa đồ dùng nhà bếp,,0,FALSE,0,TRUE,,tinh-nang-dac-biet/tay-rua-do-dung-nha-bep,,,59:21.2,56:14.2,,
307,Hỗ trợ điều trị các bệnh tai mũi họng,,0,FALSE,0,TRUE,,tinh-nang-dac-biet/ho-tro-dieu-tri-cac-benh-tai-mui-hong,,,59:21.2,56:15.0,,
308,Làm ẩm niêm mạc mũi,,0,FALSE,0,TRUE,,tinh-nang-dac-biet/lam-am-niem-mac-mui,,,59:21.2,56:15.0,,
309,Làm sạch khoang mũi,,0,FALSE,0,TRUE,,tinh-nang-dac-biet/lam-sach-khoang-mui,,,59:21.2,56:15.0,,
310,Phòng tránh đau lưng,,0,FALSE,0,TRUE,,tinh-nang-dac-biet/phong-tranh-dau-lung,,,59:21.3,56:15.0,,
311,Lưu trữ 30 dữ liệu đo gần nhất,,0,FALSE,0,TRUE,,tinh-nang-dac-biet/luu-tru-30-du-lieu-do-gan-nhat,,,59:21.3,56:15.0,,
312,Kết nối hồng ngoại,,0,FALSE,0,TRUE,,tinh-nang-dac-biet/ket-noi-hong-ngoai,,,59:21.3,56:15.0,,
313,"Gây mê, an thần",,0,FALSE,0,TRUE,,tinh-nang-dac-biet/gay-me-an-than,,,59:21.3,56:10.7,,
314,Tăng lợi khuẩn,,0,FALSE,0,TRUE,,tinh-nang-dac-biet/tang-loi-khuan,,,59:21.3,56:10.7,,
315,"Giảm chai sần, nứt nẻ",,0,FALSE,0,TRUE,,tinh-nang-dac-biet/giam-chai-san-nut-ne,,,59:21.3,56:12.2,,
316,Lưu thông khí quyết,,0,FALSE,0,TRUE,,tinh-nang-dac-biet/luu-thong-khi-quyet,,,59:21.4,56:12.2,,
317,Không cần nhuộm,,0,FALSE,0,TRUE,,tinh-nang-dac-biet/khong-can-nhuom,,,59:21.4,56:12.2,,
318,Giảm rôm sảy,,0,FALSE,0,TRUE,,tinh-nang-dac-biet/giam-rom-say,,,59:21.4,56:12.2,,
319,Dưỡng ẩm nhũ hoa,,0,FALSE,0,TRUE,,tinh-nang-dac-biet/duong-am-nhu-hoa,,,59:21.4,56:12.2,,
320,Giảm chàm môi,,0,FALSE,0,TRUE,,tinh-nang-dac-biet/giam-cham-moi,,,59:21.7,56:12.2,,
321,Dưỡng ẩm môi,,0,FALSE,0,TRUE,,tinh-nang-dac-biet/duong-am-moi,,,59:21.7,56:12.2,,
322,"Giảm viêm chân lông, viêm da",,0,FALSE,0,TRUE,,tinh-nang-dac-biet/giam-viem-chan-long-viem-da,,,59:21.7,56:12.2,,
323,Không tạo bọt,,0,FALSE,0,TRUE,,tinh-nang-dac-biet/khong-tao-bot,,,59:21.7,56:12.2,,
324,Giảm gãy rụng,,0,FALSE,0,TRUE,,tinh-nang-dac-biet/giam-gay-rung,,,59:21.7,56:12.2,,
325,Giảm sừng hóa da,,0,FALSE,0,TRUE,,tinh-nang-dac-biet/giam-sung-hoa-da,,,59:22.0,56:12.2,,
326,Giảm viêm sưng hậu môn,,0,FALSE,0,TRUE,,tinh-nang-dac-biet/giam-viem-sung-hau-mon,,,59:22.0,56:12.2,,
327,"Mờ nám, tàn nhang",,0,FALSE,0,TRUE,,tinh-nang-dac-biet/mo-nam-tan-nhang,,,59:22.0,56:12.2,,
328,Không Corticoid,,0,FALSE,0,TRUE,,tinh-nang-dac-biet/khong-corticoid,,,59:22.0,56:12.2,,
329,Tăng dịch nhờn cho khớp,,0,FALSE,0,TRUE,,tinh-nang-dac-biet/tang-dich-nhon-cho-khop,,,59:22.1,56:12.2,,
330,Phát triển chiều cao,,0,FALSE,0,TRUE,,tinh-nang-dac-biet/phat-trien-chieu-cao,,,59:22.1,56:11.1,,
331,Vệ sinh mắt,,0,FALSE,0,TRUE,,tinh-nang-dac-biet/ve-sinh-mat,,,59:22.1,56:11.1,,
332,"Chống cảm lạnh, tránh gió và ho",,0,FALSE,0,TRUE,,tinh-nang-dac-biet/chong-cam-lanh-tranh-gio-va-ho,,,59:22.2,56:11.1,,
333,SPF 20,,0,TRUE,0,TRUE,,,9760,,10:02.3,07:28.8,,
334,SPF 7,,0,TRUE,0,TRUE,,,9758,,10:02.3,07:28.8,,
335,SPF 30 PA++,,0,TRUE,0,TRUE,,,9763,,10:02.3,07:12.0,,
336,SPF 45+,,1,TRUE,1,TRUE,,,9754,,10:02.3,07:26.1,,
337,SPF 81,,0,TRUE,0,TRUE,,,9757,,10:02.3,07:28.7,,
338,SPF 90,,0,TRUE,0,TRUE,,,9755,,10:02.3,07:26.2,,
339,SPF 30+,,0,TRUE,0,TRUE,,,9761,,10:02.3,07:12.0,,
340,SPF 30 PA+++,,0,TRUE,0,TRUE,,,9762,,10:02.3,07:12.0,,
341,SPF 35,,0,TRUE,0,TRUE,,,9756,,10:02.3,07:28.8,,
342,SPF 50+,,0,TRUE,0,TRUE,,,9759,,10:02.3,07:28.7,,
343,SPF 50+ PA+++,,0,TRUE,0,TRUE,,,9765,,10:09.0,07:12.0,,
344,SPF 50+ PA++++,,0,TRUE,0,TRUE,,,9766,,10:09.1,07:12.0,,
347,SPF 50,,0,TRUE,0,TRUE,,,9769,,10:09.1,07:45.9,,
348,SPF 60,,0,FALSE,0,TRUE,,,9771,,10:09.1,07:07.9,,
349,SPF81 PA++++,spf81-pa,0,TRUE,0,TRUE,,,9764,,10:09.1,07:12.1,,
350,Từ 18 tuổi trở lên,,0,FALSE,0,TRUE,,,373,,10:09.1,07:07.9,,
351,Từ 10 tuổi trở lên,,0,FALSE,0,TRUE,"<p>Pangao là thương hiệu chuyên phát triển và sản xuất các sản phẩm y tế và chăm sóc sức khỏe, bao gồm máy đo huyết áp điện tử, nhiệt kế hồng ngoại và các thiết bị massage như massage cổ, mắt và eo. Với hơn 20 năm kinh nghiệm, Pangao đã xuất khẩu sản phẩm đến hơn 60 quốc gia và sở hữu hơn 228 quyền sở hữu trí tuệ. Công ty có đội ngũ R&amp;D hơn 300 nhân viên và năng lực sản xuất hàng năm đạt hơn 4 triệu sản phẩm, bao gồm hơn 2,2 triệu thiết bị y tế và hơn 2,1 triệu sản phẩm massage. Pangao cam kết nâng cao chất lượng sức khỏe con người thông qua các sản phẩm công nghệ cao và cung cấp dịch vụ OEM/ODM toàn diện cho khách hàng toàn cầu.</p>",,374,,10:09.1,23:20.0,,
352,Từ 4 tuổi trở lên,,0,FALSE,0,TRUE,"<p>Innate là công ty Ý được thành lập năm 2004 với bề dày kinh nghiệm và chuyên môn sâu trong lĩnh vực sản xuất và phát triển dự án theo mô hình CMO và CDMO, chuyên sản xuất các sản phẩm lỏng tiệt trùng được đóng gói trong ống nghiệm hoặc ống tiêm sẵn, cũng như các sản phẩm đặc thù như ovules, pessaries, kem và gel. Sản phẩm của công ty bao gồm thiết bị y tế từ lớp I đến III, mỹ phẩm tiên tiến và thực phẩm chức năng, được phân phối rộng rãi không chỉ tại thị trường nội địa mà còn xuất khẩu sang các khu vực như châu Âu, MENA, CIS, APAC và LATAM. Luôn tiên phong đổi mới và ứng dụng công nghệ hiện đại, Innate duy trì mối quan hệ hợp tác chặt chẽ trong hệ thống toàn cầu, cam kết hoạt động một cách có đạo đức, minh bạch và tuân thủ nghiêm ngặt các quy định pháp luật nhằm đáp ứng nhanh chóng và hiệu quả nhu cầu của thị trường.</p>",,375,,10:09.1,03:28.1,,
353,SPF55,,0,FALSE,0,FALSE,,,9772,,10:09.1,10:09.1,,
354,SPF 15,,0,TRUE,0,TRUE,,,10231,,10:09.1,07:45.9,,
355,Từ 3 tuổi trở lên,,0,FALSE,0,TRUE,,,381,,10:09.1,07:07.9,,
356,SPF 30,,1,TRUE,1,TRUE,,,10258,,10:09.1,07:45.8,,
357,Từ 1 tuổi trở lên,,0,FALSE,0,TRUE,,,376,,10:09.1,07:07.9,,
358,Từ 4 tháng - 15 tuổi,,0,FALSE,0,TRUE,,,378,,10:09.1,20:14.8,,
359,Dưới 12 tuổi,,0,FALSE,0,TRUE,,,379,,10:09.1,07:07.9,,
360,Trên 18 tháng tuổi,,0,FALSE,0,TRUE,,,377,,10:09.1,07:07.9,,
361,Từ 30 tháng tuổi trở lên,,0,FALSE,0,TRUE,,,380,,10:09.1,07:07.9,,
362,Từ 16 tuổi trở lên,,0,FALSE,0,TRUE,,,382,,10:09.2,07:07.9,,
363,Từ 3 tháng - 12 tuổi,,0,FALSE,0,TRUE,,,383,,10:09.2,07:07.9,,
364,Trên 12 tháng tuổi,,0,FALSE,0,TRUE,,,384,,10:09.2,07:07.9,,
365,Từ 6 tháng - 12 tuổi,,0,FALSE,0,TRUE,,,385,,10:09.2,07:07.9,,
366,Từ 4 tháng - 6 tuổi,,0,FALSE,0,TRUE,,,386,,10:09.2,07:07.9,,
367,Từ 7 tuổi trở lên,,0,FALSE,0,TRUE,"<p>Sắc Ngọc Khang là thương hiệu mỹ phẩm và thực phẩm chức năng đã đồng hành cùng nhan sắc Việt suốt hơn 16 năm qua với niềm tin rằng “một làn da đẹp sẽ mang lại hạnh phúc và tiếp thêm tự tin cho người phụ nữ”. Thương hiệu không ngừng đổi mới và sáng tạo để nghiên cứu, phát triển các sản phẩm an toàn, hiệu quả và chất lượng như kem dưỡng da ban đêm, viên uống collagen… được bào chế từ những công thức đột phá, dựa trên nghiên cứu lâm sàng và bằng chứng khoa học rõ ràng. Sắc Ngọc Khang đảm bảo nguồn nguyên liệu đạt tiêu chuẩn quốc tế và được sản xuất trên dây chuyền công nghệ hiện đại tại Nhà máy Dược phẩm Hoa Sen đạt chuẩn GMP do Bộ Y tế cấp phép. Luôn đặt khách hàng làm trọng tâm, thương hiệu cam kết mang đến giải pháp làm đẹp lành mạnh, thiết thực và tận tâm, góp phần khẳng định vẻ đẹp tự nhiên của phụ nữ Việt theo đuổi giá trị toàn cầu.</p>",,387,,10:09.2,10:08.5,,
368,Từ 13 tuổi trở lên,,0,FALSE,0,TRUE,,,388,,10:09.2,07:07.9,,
369,Từ 5 tuổi trở lên,,0,FALSE,0,TRUE,,,392,,10:09.2,07:07.9,,
370,Từ 14 tuổi trở lên,,0,FALSE,0,TRUE,,,389,,10:09.2,07:07.9,,
371,Từ 6 - 11 tuổi,,0,FALSE,0,TRUE,,,390,,10:09.2,07:07.9,,
372,Từ 1-12 tháng tuổi,,0,FALSE,0,TRUE,,,395,,10:09.2,07:07.8,,
373,Từ 0-12 tháng tuổi,,0,FALSE,0,TRUE,,,394,,10:09.2,07:07.9,,
374,Từ 2 tuổi trở lên,,0,FALSE,0,TRUE,,,393,,10:09.2,07:12.6,,
375,Từ 3 tháng tuổi trở lên,,0,FALSE,0,TRUE,,,396,,10:09.2,07:09.8,,
376,Từ 16 - 65 tuổi,,0,FALSE,0,TRUE,,,397,,10:09.2,07:07.8,,
378,Từ 6 tháng tuổi trở lên,,0,FALSE,0,TRUE,,,420,,10:09.2,07:12.6,,
379,Từ 12 tuổi trở lên,,0,FALSE,0,TRUE,,,417,,10:09.2,07:09.8,,
380,Từ 6 tuổi trở lên,,0,FALSE,0,TRUE,,,421,,10:09.2,07:12.6,,
381,Từ 1-2 tuổi,,0,FALSE,0,TRUE,,,423,,10:09.2,07:07.8,,
382,Từ 0-28 ngày tuổi,,0,FALSE,0,TRUE,,,424,,10:09.3,07:07.9,,
383,Từ 1 tháng tuổi trở lên,,0,FALSE,0,TRUE,,,403,,10:09.3,07:07.8,,
384,Từ 0 - 2 tuổi,,0,FALSE,0,TRUE,,,416,,10:09.3,07:09.7,,
385,Trên 14 tuổi,,0,FALSE,0,TRUE,,,429,,10:09.3,07:21.9,,
386,Dưới 88 tuổi,,0,FALSE,0,TRUE,,,418,,10:09.3,07:09.7,,
387,Trên 3 tháng tuổi,,0,FALSE,0,TRUE,,,431,,10:09.3,07:21.9,,
388,Dưới 40 tuổi,,0,FALSE,0,TRUE,,,426,,10:09.3,07:19.9,,
389,Trên 1 tháng tuổi,,0,FALSE,0,TRUE,,,427,,10:09.3,07:21.8,,
390,Trên 7 tuổi,,0,FALSE,0,TRUE,,,432,,10:09.3,07:21.9,,
391,Dưới 3 tuổi,,0,FALSE,0,TRUE,,,428,,10:09.3,07:21.9,,
392,Từ 0-3 tháng tuổi,,0,FALSE,0,FALSE,,,436,,10:09.3,10:09.3,,
393,Trên 30 tháng tuổi,,0,FALSE,0,TRUE,,,433,,10:09.3,07:21.9,,
394,Trên 25 tuổi,,5,FALSE,5,TRUE,,,435,,10:09.3,07:13.9,,
395,Trên 12 tuổi,,0,FALSE,0,TRUE,,,438,,10:09.3,07:24.7,,
396,Dưới 2 tuổi,,0,FALSE,0,TRUE,,,434,,10:09.3,07:19.9,,
397,Từ 1-5 tuổi,,0,FALSE,0,TRUE,,,437,,10:09.3,07:07.8,,
398,Trên 4 tuổi,,0,FALSE,0,TRUE,,,430,,10:09.3,07:21.9,,
399,Trên 18 tuổi,,0,FALSE,0,TRUE,,,440,,10:09.3,07:24.7,,
400,Trên 6 tuổi,,0,FALSE,0,TRUE,,,441,,10:09.3,07:24.7,,
401,Từ 4-10 tuổi,,0,FALSE,0,TRUE,,,442,,10:09.3,07:07.8,,
402,Từ 6-12 tháng tuổi,,0,FALSE,0,TRUE,,,444,,10:09.3,07:07.8,,
403,Từ 1-10 tuổi,,0,FALSE,0,TRUE,,,443,,10:09.3,07:07.9,,
404,Trên 9 tuổi,,0,FALSE,0,TRUE,,,445,,10:09.3,07:16.4,,
405,Trên 40 tuổi,,0,FALSE,0,TRUE,,,446,,10:09.3,07:18.4,,
406,Trên 16 tuổi,,0,FALSE,0,TRUE,,,439,,10:09.3,07:24.6,,
407,Dưới 5 tuổi,,0,FALSE,0,TRUE,,,449,,10:09.3,07:18.4,,
408,Dưới 15 tuổi,,0,FALSE,0,TRUE,,,450,,10:09.3,07:18.4,,
409,Dưới 6 tháng tuổi,,0,FALSE,0,TRUE,,,451,,10:09.3,07:18.4,,
410,Trên 1 tuổi,,0,FALSE,0,TRUE,,,452,,10:09.3,07:24.6,,
411,Trên 6 tháng tuổi,,0,FALSE,0,TRUE,,,453,,10:09.3,07:24.6,,
412,Trên 13 tuổi,,0,FALSE,0,TRUE,,,454,,10:09.3,07:24.6,,
413,Trên 2 tháng tuổi,,0,FALSE,0,TRUE,,,455,,10:09.3,07:24.6,,
414,Trên 11 tuổi,,0,FALSE,0,TRUE,,,448,,10:09.3,07:18.4,,
415,Trên 4 tháng tuổi,,0,FALSE,0,TRUE,,,447,,10:09.3,07:18.4,,
416,Trên 8 tuổi,,0,FALSE,0,TRUE,,,457,,10:09.3,07:24.6,,
417,Trên 2 tuổi,,0,FALSE,0,TRUE,,,459,,10:09.3,07:24.7,,
418,Dưới 6 tuổi,,0,FALSE,0,TRUE,,,458,,10:09.3,07:24.7,,
419,Trên 3 tuổi,,0,FALSE,0,TRUE,,,460,,10:09.3,07:24.7,,
420,Trên 60 tuổi,,0,FALSE,0,TRUE,,,461,,10:09.3,07:24.7,,
421,Trên 50 tuổi,,0,FALSE,0,TRUE,,,462,,10:09.3,07:24.7,,
422,Trên 15 tuổi,,0,FALSE,0,TRUE,,,463,,10:09.3,07:24.7,,
423,Dưới 65 tuổi,,0,FALSE,0,TRUE,,,456,,10:09.3,07:24.6,,
424,Trên 15 ngày tuổi,,0,FALSE,0,TRUE,,,467,,10:09.3,07:21.9,,
425,Dưới 14 tuổi,,0,FALSE,0,TRUE,,,466,,10:09.3,07:21.9,,
426,Trên 7 tháng,,0,FALSE,0,TRUE,,,469,,10:09.3,07:18.4,,
427,Trên 13 tháng tuổi,,0,FALSE,0,TRUE,,,468,,10:09.3,07:07.8,,
428,Trên 45 tuổi,,0,FALSE,0,TRUE,,,470,,10:09.3,07:18.4,,
429,Dưới 4 tuổi,,0,FALSE,0,TRUE,,,471,,10:09.3,07:19.9,,
430,Trên 35 tuổi,,0,FALSE,0,TRUE,,,472,,10:09.3,07:19.9,,
431,Từ 1-12 tuổi,,0,FALSE,0,TRUE,,,464,,10:09.3,07:24.7,,
432,Trên 5 tuổi,,0,FALSE,0,TRUE,,,465,,10:09.3,07:22.0,,
433,Trên 10 tuổi,,0,FALSE,0,TRUE,,,474,,10:09.3,07:22.0,,
434,Từ 1 - 3 tuổi,,0,FALSE,0,TRUE,,,10051,,10:09.3,07:07.8,,
435,Từ 3 - 6 tuổi,,0,FALSE,0,TRUE,,,10052,,10:09.3,07:06.4,,
436,Từ 2 tháng tuổi trở lên,,0,FALSE,0,TRUE,,,10053,,10:09.3,07:06.4,,
437,Từ 8 tuổi trở lên,,0,FALSE,0,TRUE,,,10055,,10:09.3,07:06.4,,
438,Từ 1 - 6 tuổi,,0,FALSE,0,TRUE,,,10054,,10:09.3,07:06.4,,
439,Từ 6 tháng - 5 tuổi,,0,FALSE,0,TRUE,,,10057,,10:09.3,07:06.4,,
440,Từ 2 - 15 tuổi,,0,FALSE,0,TRUE,,,10056,,10:09.3,07:06.4,,
441,Trên 22 tuổi,,0,FALSE,0,TRUE,,,473,,10:09.3,07:19.9,,
442,Từ 2 - 5 tuổi,,0,FALSE,0,TRUE,,,10060,,10:09.3,07:06.4,,
443,Từ 1 - 10 tuổi,,0,FALSE,0,TRUE,,,10244,,10:09.3,07:06.3,,
444,Từ 15 tuổi trở lên,,0,FALSE,0,TRUE,,,10059,,10:09.3,07:06.4,,
445,Nữ,,0,FALSE,0,TRUE,,,320,,10:09.3,07:44.9,,
446,Nam,,0,FALSE,0,TRUE,,,321,,10:09.3,07:44.9,,
447,Từ 6 - 14 tuổi,,0,FALSE,0,TRUE,,,10058,,10:09.3,07:06.4,,
448,UAE,,0,FALSE,0,FALSE,,,49,,10:09.3,25:02.2,,
449,Kenya,,0,FALSE,0,TRUE,,,46,,10:09.3,41:08.7,,
450,Argentina,,0,FALSE,0,FALSE,,,47,,10:09.3,47:21.5,,
451,Ba Lan,,0,FALSE,0,FALSE,,,48,,10:09.3,23:27.5,,
452,Thụy Điển,,0,FALSE,0,TRUE,,,56,,10:09.3,00:22.9,,
453,Belarus,,0,FALSE,0,FALSE,,,57,,10:09.3,43:46.0,,
454,Hungary,,0,FALSE,0,TRUE,,,58,,10:09.3,31:00.3,,
455,Áo,,0,FALSE,0,FALSE,,,50,,10:09.3,02:20.8,,
456,Burundi,,0,FALSE,0,FALSE,,,51,,10:09.3,00:41.6,,
457,Benin,,0,FALSE,0,FALSE,,,52,,10:09.3,17:25.7,,
458,Azerbaijan,,0,FALSE,0,FALSE,,,53,,10:09.3,40:16.0,,
459,Somali,,0,FALSE,0,TRUE,,,54,,10:09.3,52:48.6,,
460,Cộng hòa Dominica,,0,FALSE,0,TRUE,,,55,,10:09.3,24:09.7,,
461,Guinea,,0,FALSE,0,TRUE,,,60,,10:09.3,21:01.1,,
462,Rwanda,,0,FALSE,0,FALSE,,,61,,10:09.3,57:30.9,,
463,Bolivia,,0,FALSE,0,FALSE,,,62,,10:09.3,56:59.7,,
464,Cộng hòa Séc,,0,FALSE,0,FALSE,,,63,,10:09.3,18:44.6,,
465,Tunisia,,0,FALSE,0,TRUE,,,64,,10:09.3,42:18.3,,
466,Bồ Đào Nha,,0,FALSE,0,FALSE,,,65,,10:09.3,08:36.9,,
467,Nam Sudan,,0,FALSE,0,TRUE,,,66,,10:09.3,16:53.1,,
468,Haiti,,0,FALSE,0,TRUE,,,59,,10:09.3,22:49.6,,
469,Israel,,0,FALSE,0,TRUE,,,69,,10:09.3,36:36.9,,
470,Phần Lan,,0,FALSE,0,TRUE,,,70,,10:09.3,02:48.9,,
471,Kyrgyzstan,,0,FALSE,0,TRUE,,,71,,10:09.3,43:36.6,,
472,Slovakia,,0,FALSE,0,TRUE,,,72,,10:09.3,51:19.0,,
473,Đan Mạch,,0,FALSE,0,TRUE,,,73,,10:09.3,21:25.4,,
474,Nicaragua,,0,FALSE,0,TRUE,,,74,,10:09.3,16:21.4,,
475,Sierra Leone,,0,FALSE,0,TRUE,,,75,,10:09.3,50:23.3,,
476,Bỉ,,0,FALSE,0,FALSE,,,67,,10:09.3,45:31.0,,
477,Honduras,,0,FALSE,0,TRUE,,,68,,10:09.3,29:38.5,,
478,Lào,,0,FALSE,0,TRUE,,,77,,10:09.3,44:07.5,,
479,Paraguay,,0,FALSE,0,FALSE,,,78,,10:09.3,19:47.0,,
480,Jordan,,0,FALSE,0,TRUE,,,79,,10:09.3,39:29.8,,
481,Libya,,0,FALSE,0,TRUE,,,80,,10:09.3,08:28.8,,
482,Togo,,0,FALSE,0,TRUE,,,81,,10:09.3,39:36.1,,
483,Hồng Kông,,0,FALSE,0,TRUE,,,83,,10:09.4,30:06.6,,
484,Papua New Guinea,,0,FALSE,0,FALSE,,,82,,10:09.4,15:10.7,,
485,El Salvador,,0,FALSE,0,TRUE,,,76,,10:09.4,32:10.2,,
486,Bulgaria,,0,FALSE,0,FALSE,,,86,,10:09.4,59:06.4,,
487,Thụy Sĩ,,0,FALSE,0,TRUE,,,87,,10:09.4,02:01.2,,
488,Hy Lạp,,0,FALSE,0,TRUE,,,89,,10:09.4,15:19.0,,
489,Tajikistan,,0,FALSE,0,TRUE,,,84,,10:09.4,36:18.1,,
490,Cuba,,0,FALSE,0,FALSE,,,88,,10:09.4,17:37.3,,
491,Tchad,,0,FALSE,0,TRUE,,,90,,10:09.4,15:53.8,,
492,Serbia,,0,FALSE,0,TRUE,,,85,,10:09.4,49:30.8,,
493,Yemen,,0,FALSE,0,FALSE,,,94,,10:09.4,43:39.6,,
494,Ả Rập Saudi,,0,FALSE,0,FALSE,,,95,,10:09.4,56:44.8,,
495,Venezuela,,0,FALSE,0,FALSE,,,96,,10:09.4,40:21.8,,
496,Uzbekistan,,0,FALSE,0,FALSE,,,97,,10:09.4,37:10.9,,
497,Malaysia,,0,FALSE,0,TRUE,,,98,,10:09.4,51:07.7,,
498,Peru,,0,FALSE,0,FALSE,,,99,,10:09.4,22:55.9,,
499,Mozambique,,0,FALSE,0,TRUE,,,91,,10:09.4,05:38.0,,
500,Ghana,,0,FALSE,0,TRUE,,,93,,10:09.4,15:11.0,,
501,CHDCND Triều Tiên,,0,FALSE,0,TRUE,,,92,,10:09.4,41:44.0,,
502,Nepal,,0,FALSE,0,TRUE,,,100,,10:09.4,07:56.2,,
503,Syria,,0,FALSE,0,TRUE,,,110,,10:09.4,59:05.9,,
